{"textures":{"0":"modelengine:entity/flame_trap"},"elements":[{"from":[5.07563,12.559406,5.5139527],"to":[10.218488,17.130836,10.65681],"rotation":{"angle":0.0,"axis":"y","origin":[7.3613443,5.130835,8.371096]},"faces":{"east":{"uv":[0.0,5.125,1.125,6.125],"rotation":0,"texture":"#0","tintindex":0},"south":{"uv":[1.25,5.125,2.375,6.125],"rotation":0,"texture":"#0","tintindex":0},"north":{"uv":[5.0,1.25,6.125,2.25],"rotation":0,"texture":"#0","tintindex":0},"west":{"uv":[2.5,5.125,3.625,6.125],"rotation":0,"texture":"#0","tintindex":0},"up":{"uv":[5.5,5.75,4.375,4.625],"rotation":0,"texture":"#0","tintindex":0},"down":{"uv":[6.0,0.0,4.875,1.125],"rotation":0,"texture":"#0","tintindex":0}}},{"from":[5.6470585,10.273693,5.5139527],"to":[9.6470585,12.559406,10.0853815],"rotation":{"angle":0.0,"axis":"y","origin":[7.3613443,5.130835,8.371096]},"faces":{"east":{"uv":[0.0,6.75,1.0,7.25],"rotation":0,"texture":"#0","tintindex":0},"south":{"uv":[6.875,3.625,7.75,4.125],"rotation":0,"texture":"#0","tintindex":0},"north":{"uv":[6.875,3.0,7.75,3.5],"rotation":0,"texture":"#0","tintindex":0},"west":{"uv":[1.125,6.75,2.125,7.25],"rotation":0,"texture":"#0","tintindex":0},"up":{"uv":[6.5,5.625,5.625,4.625],"rotation":0,"texture":"#0","tintindex":0},"down":{"uv":[6.5,5.75,5.625,6.75],"rotation":0,"texture":"#0","tintindex":0}}},{"from":[10.04482,17.53945,7.242524],"to":[11.187676,20.968021,8.385382],"rotation":{"angle":22.5,"axis":"z","origin":[11.330534,19.253735,7.7996674]},"faces":{"east":{"uv":[4.5,7.875,4.75,8.625],"rotation":0,"texture":"#0","tintindex":0},"south":{"uv":[6.125,7.875,6.375,8.625],"rotation":0,"texture":"#0","tintindex":0},"north":{"uv":[5.75,7.5,6.0,8.25],"rotation":0,"texture":"#0","tintindex":0},"west":{"uv":[6.5,7.875,6.75,8.625],"rotation":0,"texture":"#0","tintindex":0},"up":{"uv":[5.5,6.75,5.25,6.5],"rotation":0,"texture":"#0","tintindex":0},"down":{"uv":[6.5,6.875,6.25,7.125],"rotation":0,"texture":"#0","tintindex":0}}},{"from":[7.8326364,16.563961,7.2282386],"to":[11.261208,18.278248,8.942524],"rotation":{"angle":45.0,"axis":"z","origin":[10.818279,17.968021,7.9425244]},"faces":{"east":{"uv":[3.75,5.125,4.125,5.5],"rotation":0,"texture":"#0","tintindex":0},"south":{"uv":[4.875,7.5,5.625,7.875],"rotation":0,"texture":"#0","tintindex":0},"north":{"uv":[7.125,7.375,7.875,7.75],"rotation":0,"texture":"#0","tintindex":0},"west":{"uv":[4.875,8.0,5.25,8.375],"rotation":0,"texture":"#0","tintindex":0},"up":{"uv":[8.375,6.25,7.625,5.875],"rotation":0,"texture":"#0","tintindex":0},"down":{"uv":[8.375,6.375,7.625,6.75],"rotation":0,"texture":"#0","tintindex":0}}},{"from":[4.0329094,16.563961,7.2282386],"to":[7.461481,18.278248,8.942524],"rotation":{"angle":-45.0,"axis":"z","origin":[4.4758387,17.968021,7.9425244]},"faces":{"east":{"uv":[8.0,7.375,8.375,7.75],"rotation":0,"texture":"#0","tintindex":0},"south":{"uv":[0.0,7.875,0.75,8.25],"rotation":0,"texture":"#0","tintindex":0},"north":{"uv":[7.625,6.875,8.375,7.25],"rotation":0,"texture":"#0","tintindex":0},"west":{"uv":[8.0,7.875,8.375,8.25],"rotation":0,"texture":"#0","tintindex":0},"up":{"uv":[1.625,8.25,0.875,7.875],"rotation":0,"texture":"#0","tintindex":0},"down":{"uv":[2.5,7.875,1.75,8.25],"rotation":0,"texture":"#0","tintindex":0}}},{"from":[4.1064405,17.53945,7.242524],"to":[5.249298,20.968021,8.385382],"rotation":{"angle":-22.5,"axis":"z","origin":[3.9635835,19.253735,7.7996674]},"faces":{"east":{"uv":[7.25,7.875,7.5,8.625],"rotation":0,"texture":"#0","tintindex":0},"south":{"uv":[7.625,7.875,7.875,8.625],"rotation":0,"texture":"#0","tintindex":0},"north":{"uv":[6.875,7.875,7.125,8.625],"rotation":0,"texture":"#0","tintindex":0},"west":{"uv":[8.0,0.625,8.25,1.375],"rotation":0,"texture":"#0","tintindex":0},"up":{"uv":[8.25,1.75,8.0,1.5],"rotation":0,"texture":"#0","tintindex":0},"down":{"uv":[5.625,8.0,5.375,8.25],"rotation":0,"texture":"#0","tintindex":0}}},{"from":[4.5042014,2.2736921,4.942524],"to":[10.789916,10.273693,10.65681],"rotation":{"angle":0.0,"axis":"y","origin":[7.3613443,5.130835,8.371096]},"faces":{"east":{"uv":[3.0,3.25,4.25,5.0],"rotation":0,"texture":"#0","tintindex":0},"south":{"uv":[1.5,3.25,2.875,5.0],"rotation":0,"texture":"#0","tintindex":0},"north":{"uv":[0.0,3.25,1.375,5.0],"rotation":0,"texture":"#0","tintindex":0},"west":{"uv":[3.5,0.0,4.75,1.75],"rotation":0,"texture":"#0","tintindex":0},"up":{"uv":[4.875,3.125,3.5,1.875],"rotation":0,"texture":"#0","tintindex":0},"down":{"uv":[5.75,3.25,4.375,4.5],"rotation":0,"texture":"#0","tintindex":0}}},{"from":[3.9327726,3.987978,4.3710957],"to":[11.361344,5.702264,11.228239],"rotation":{"angle":0.0,"axis":"y","origin":[7.3613443,5.130835,8.371096]},"faces":{"east":{"uv":[6.25,1.875,7.75,2.25],"rotation":0,"texture":"#0","tintindex":0},"south":{"uv":[6.25,0.875,7.875,1.25],"rotation":0,"texture":"#0","tintindex":0},"north":{"uv":[0.0,6.25,1.625,6.625],"rotation":0,"texture":"#0","tintindex":0},"west":{"uv":[6.625,4.375,8.125,4.75],"rotation":0,"texture":"#0","tintindex":0},"up":{"uv":[1.625,1.5,0.0,0.0],"rotation":0,"texture":"#0","tintindex":0},"down":{"uv":[1.625,1.625,0.0,3.125],"rotation":0,"texture":"#0","tintindex":0}}},{"from":[3.9327726,0.5594063,4.3710957],"to":[11.361344,2.2736921,11.228239],"rotation":{"angle":0.0,"axis":"y","origin":[7.3613443,5.130835,8.371096]},"faces":{"east":{"uv":[6.625,4.875,8.125,5.25],"rotation":0,"texture":"#0","tintindex":0},"south":{"uv":[1.75,6.25,3.375,6.625],"rotation":0,"texture":"#0","tintindex":0},"north":{"uv":[6.25,1.375,7.875,1.75],"rotation":0,"texture":"#0","tintindex":0},"west":{"uv":[6.625,5.375,8.125,5.75],"rotation":0,"texture":"#0","tintindex":0},"up":{"uv":[3.375,1.5,1.75,0.0],"rotation":0,"texture":"#0","tintindex":0},"down":{"uv":[3.375,1.625,1.75,3.125],"rotation":0,"texture":"#0","tintindex":0}}},{"from":[5.6470585,13.702265,1.5139527],"to":[9.6470585,15.987978,5.5139527],"rotation":{"angle":0.0,"axis":"y","origin":[7.647059,14.845121,3.5139527]},"faces":{"east":{"uv":[3.25,6.75,4.125,7.25],"rotation":0,"texture":"#0","tintindex":0},"south":{"uv":[4.25,6.75,5.125,7.25],"rotation":0,"texture":"#0","tintindex":0},"north":{"uv":[2.25,6.75,3.125,7.25],"rotation":0,"texture":"#0","tintindex":0},"west":{"uv":[6.875,2.375,7.75,2.875],"rotation":0,"texture":"#0","tintindex":0},"up":{"uv":[6.75,3.25,5.875,2.375],"rotation":0,"texture":"#0","tintindex":0},"down":{"uv":[6.75,3.375,5.875,4.25],"rotation":0,"texture":"#0","tintindex":0}}},{"from":[5.6470585,12.559406,1.5139527],"to":[9.6470585,13.702265,1.5139527],"rotation":{"angle":0.0,"axis":"y","origin":[7.647059,14.845121,3.5139527]},"faces":{"east":{"uv":[5.5,5.875,5.5,6.125],"rotation":0,"texture":"#0","tintindex":0},"south":{"uv":[3.5,7.875,2.625,8.125],"rotation":0,"texture":"#0","tintindex":0},"north":{"uv":[2.625,7.875,3.5,8.125],"rotation":0,"texture":"#0","tintindex":0},"west":{"uv":[6.125,0.875,6.125,1.125],"rotation":0,"texture":"#0","tintindex":0},"up":{"uv":[7.75,4.25,6.875,4.25],"rotation":0,"texture":"#0","tintindex":0},"down":{"uv":[8.75,4.125,7.875,4.125],"rotation":0,"texture":"#0","tintindex":0}}},{"from":[9.6470585,12.559406,1.5139527],"to":[9.6470585,13.702265,5.5139527],"rotation":{"angle":0.0,"axis":"y","origin":[7.647059,14.845121,3.5139527]},"faces":{"east":{"uv":[7.875,1.875,8.75,2.125],"rotation":0,"texture":"#0","tintindex":0},"south":{"uv":[5.75,2.75,5.75,3.0],"rotation":0,"texture":"#0","tintindex":0},"north":{"uv":[5.75,2.375,5.75,2.625],"rotation":0,"texture":"#0","tintindex":0},"west":{"uv":[8.75,1.875,7.875,2.125],"rotation":0,"texture":"#0","tintindex":0},"up":{"uv":[2.875,9.125,2.875,8.25],"rotation":0,"texture":"#0","tintindex":0},"down":{"uv":[3.0,8.25,3.0,9.125],"rotation":0,"texture":"#0","tintindex":0}}},{"from":[9.6470585,15.987978,1.5139527],"to":[9.6470585,17.702265,5.5139527],"rotation":{"angle":0.0,"axis":"y","origin":[7.647059,14.845121,3.5139527]},"faces":{"east":{"uv":[2.0,7.375,2.875,7.75],"rotation":0,"texture":"#0","tintindex":0},