{"textures":{"0":"modelengine:entity/airship"},"elements":[{"from":[0.7999997,2.4,0.48000002],"to":[15.200001,16.8,24.880001],"rotation":{"angle":0.0,"axis":"y","origin":[8.058629,4.8,8.061371]},"faces":{"east":{"uv":[2.375,11.5625,6.1875,13.8125],"rotation":0,"texture":"#0","tintindex":0},"south":{"uv":[0.125,11.5625,2.375,13.8125],"rotation":0,"texture":"#0","tintindex":0},"north":{"uv":[6.1875,11.5625,8.4375,13.8125],"rotation":0,"texture":"#0","tintindex":0},"west":{"uv":[8.4375,11.5625,12.25,13.8125],"rotation":0,"texture":"#0","tintindex":0},"up":{"uv":[6.1875,11.5625,2.375,9.3125],"rotation":90,"texture":"#0","tintindex":0},"down":{"uv":[10.0,9.3125,6.1875,11.5625],"rotation":270,"texture":"#0","tintindex":0}}},{"from":[15.658628,0.4000001,3.2613707],"to":[15.658628,10.0,22.461372],"rotation":{"angle":0.0,"axis":"y","origin":[16.45863,9.6,14.861371]},"faces":{"east":{"uv":[2.875,14.5,5.875,16.0],"rotation":0,"texture":"#0","tintindex":0},"south":{"uv":[2.875,14.5,2.875,16.0],"rotation":0,"texture":"#0","tintindex":0},"north":{"uv":[5.875,14.5,5.875,16.0],"rotation":0,"texture":"#0","tintindex":0},"up":{"uv":[5.875,14.5,2.875,14.5],"rotation":90,"texture":"#0","tintindex":0},"down":{"uv":[8.875,14.5,5.875,14.5],"rotation":270,"texture":"#0","tintindex":0}}},{"from":[0.45862865,0.4000001,3.2613707],"to":[0.45862865,10.0,22.461372],"rotation":{"angle":0.0,"axis":"y","origin":[16.45863,9.6,14.861371]},"faces":{"south":{"uv":[2.875,14.5,2.875,16.0],"rotation":0,"texture":"#0","tintindex":0},"north":{"uv":[5.875,14.5,5.875,16.0],"rotation":0,"texture":"#0","tintindex":0},"west":{"uv":[5.875,14.5,8.875,16.0],"rotation":0,"texture":"#0","tintindex":0},"up":{"uv":[5.875,14.5,2.875,14.5],"rotation":90,"texture":"#0","tintindex":0},"down":{"uv":[8.875,14.5,5.875,14.5],"rotation":270,"texture":"#0","tintindex":0}}},{"from":[8.000401,16.8,15.68],"to":[8.000401,24.0,28.480001],"rotation":{"angle":0.0,"axis":"y","origin":[4.9004,2.4,24.08]},"faces":{"east":{"uv":[11.1875,8.5625,13.1875,9.6875],"rotation":0,"texture":"#0","tintindex":0},"south":{"uv":[11.1875,8.5625,11.1875,9.6875],"rotation":0,"texture":"#0","tintindex":0},"north":{"uv":[13.1875,8.5625,13.1875,9.6875],"rotation":0,"texture":"#0","tintindex":0},"west":{"uv":[13.1875,8.5625,15.1875,9.6875],"rotation":0,"texture":"#0","tintindex":0},"up":{"uv":[13.1875,8.5625,11.1875,8.5625],"rotation":90,"texture":"#0","tintindex":0},"down":{"uv":[15.1875,8.5625,13.1875,8.5625],"rotation":270,"texture":"#0","tintindex":0}}},{"from":[4.1139917,-12.800001,15.68],"to":[4.1139917,-5.6000004,28.480001],"rotation":{"angle":-45.0,"axis":"z","origin":[12.113992,2.3997173,11.280001]},"faces":{"south":{"uv":[11.125,7.0,11.125,8.125],"rotation":0,"texture":"#0","tintindex":0},"north":{"uv":[13.125,7.0,13.125,8.125],"rotation":0,"texture":"#0","tintindex":0},"west":{"uv":[13.125,7.0,15.125,8.125],"rotation":0,"texture":"#0","tintindex":0},"up":{"uv":[13.125,7.0,11.125,7.0],"rotation":90,"texture":"#0","tintindex":0},"down":{"uv":[15.125,7.0,13.125,7.0],"rotation":270,"texture":"#0","tintindex":0}}},{"from":[11.88,-12.800001,15.68],"to":[11.88,-5.6000004,28.480001],"rotation":{"angle":45.0,"axis":"z","origin":[3.886292,2.4,11.280001]},"faces":{"east":{"uv":[10.1875,14.875,12.1875,16.0],"rotation":0,"texture":"#0","tintindex":0},"south":{"uv":[10.1875,14.875,10.1875,16.0],"rotation":0,"texture":"#0","tintindex":0},"north":{"uv":[12.1875,14.875,12.1875,16.0],"rotation":0,"texture":"#0","tintindex":0},"up":{"uv":[12.1875,14.875,10.1875,14.875],"rotation":90,"texture":"#0","tintindex":0},"down":{"uv":[14.1875,14.875,12.1875,14.875],"rotation":270,"texture":"#0","tintindex":0}}},{"from":[4.8,6.4,24.800001],"to":[11.2,12.8,27.6],"rotation":{"angle":0.0,"axis":"y","origin":[1.1999998,4.8,14.8]},"faces":{"east":{"uv":[0.0,15.0,0.4375,16.0],"rotation":0,"texture":"#0","tintindex":0},"south":{"uv":[1.875,15.0,2.875,16.0],"rotation":0,"texture":"#0","tintindex":0},"north":{"uv":[0.4375,15.0,1.4375,16.0],"rotation":0,"texture":"#0","tintindex":0},"west":{"uv":[1.4375,15.0,1.875,16.0],"rotation":0,"texture":"#0","tintindex":0},"up":{"uv":[1.4375,15.0,0.4375,14.5625],"rotation":0,"texture":"#0","tintindex":0},"down":{"uv":[2.4375,14.5625,1.4375,15.0],"rotation":0,"texture":"#0","tintindex":0}}},{"from":[6.6,8.2,-7.2],"to":[9.4,11.0,-1.1999998],"rotation":{"angle":0.0,"axis":"y","origin":[1.1999998,4.8,14.8]},"faces":{"east":{"uv":[7.5,8.4375,8.4375,8.875],"rotation":0,"texture":"#0","tintindex":0},"south":{"uv":[9.8125,8.4375,10.25,8.875],"rotation":0,"texture":"#0","tintindex":0},"north":{"uv":[8.4375,8.4375,8.875,8.875],"rotation":0,"texture":"#0","tintindex":0},"west":{"uv":[8.875,8.4375,9.8125,8.875],"rotation":0,"texture":"#0","tintindex":0},"up":{"uv":[8.875,8.4375,8.4375,7.5],"rotation":0,"texture":"#0","tintindex":0},"down":{"uv":[9.3125,7.5,8.875,8.4375],"rotation":0,"texture":"#0","tintindex":0}}},{"from":[4.8,6.4,-1.1999998],"to":[11.2,12.8,0.4000001],"rotation":{"angle":0.0,"axis":"y","origin":[1.1999998,4.8,14.8]},"faces":{"east":{"uv":[10.0,10.5625,10.25,11.5625],"rotation":0,"texture":"#0","tintindex":0},"south":{"uv":[11.5,10.5625,12.5,11.5625],"rotation":0,"texture":"#0","tintindex":0},"north":{"uv":[10.25,10.5625,11.25,11.5625],"rotation":0,"texture":"#0","tintindex":0},"west":{"uv":[11.25,10.5625,11.5,11.5625],"rotation":0,"texture":"#0","tintindex":0},"up":{"uv":[11.25,10.5625,10.25,10.3125],"rotation":0,"texture":"#0","tintindex":0},"down":{"uv":[12.25,10.3125,11.25,10.5625],"rotation":0,"texture":"#0","tintindex":0}}}],"display":{"head":{"translation":[0.0,-6.4,0.0],"scale":[4.0,4.0,4.0]}}}