{"textures":{"0":"modelengine:entity/airship"},"elements":[{"from":[2.8613706,0.0,3.1413708],"to":[3.6613708,10.0,3.9413705],"rotation":{"angle":0.0,"axis":"y","origin":[3.2613707,12.4,7.941371]},"faces":{"east":{"uv":[1.5625,6.625,1.6875,8.1875],"rotation":0,"texture":"#0","tintindex":0},"south":{"uv":[1.9375,6.625,2.0625,8.1875],"rotation":0,"texture":"#0","tintindex":0},"north":{"uv":[1.6875,6.625,1.8125,8.1875],"rotation":0,"texture":"#0","tintindex":0},"west":{"uv":[1.8125,6.625,1.9375,8.1875],"rotation":0,"texture":"#0","tintindex":0},"up":{"uv":[1.8125,6.625,1.6875,6.5],"rotation":0,"texture":"#0","tintindex":0},"down":{"uv":[1.9375,6.5,1.8125,6.625],"rotation":0,"texture":"#0","tintindex":0}}},{"from":[12.46137,0.0,3.1413708],"to":[13.261372,10.0,3.9413705],"rotation":{"angle":0.0,"axis":"y","origin":[3.2613707,12.4,7.941371]},"faces":{"east":{"uv":[1.5625,6.625,1.6875,8.1875],"rotation":0,"texture":"#0","tintindex":0},"south":{"uv":[1.9375,6.625,2.0625,8.1875],"rotation":0,"texture":"#0","tintindex":0},"north":{"uv":[1.6875,6.625,1.8125,8.1875],"rotation":0,"texture":"#0","tintindex":0},"west":{"uv":[1.8125,6.625,1.9375,8.1875],"rotation":0,"texture":"#0","tintindex":0},"up":{"uv":[1.8125,6.625,1.6875,6.5],"rotation":0,"texture":"#0","tintindex":0},"down":{"uv":[1.9375,6.5,1.8125,6.625],"rotation":0,"texture":"#0","tintindex":0}}},{"from":[2.8613706,0.0,11.941371],"to":[3.6613708,10.0,12.741371],"rotation":{"angle":0.0,"axis":"y","origin":[3.2613707,12.4,7.941371]},"faces":{"east":{"uv":[1.5625,6.625,1.6875,8.1875],"rotation":0,"texture":"#0","tintindex":0},"south":{"uv":[1.9375,6.625,2.0625,8.1875],"rotation":0,"texture":"#0","tintindex":0},"north":{"uv":[1.6875,6.625,1.8125,8.1875],"rotation":0,"texture":"#0","tintindex":0},"west":{"uv":[1.8125,6.625,1.9375,8.1875],"rotation":0,"texture":"#0","tintindex":0},"up":{"uv":[1.8125,6.625,1.6875,6.5],"rotation":0,"texture":"#0","tintindex":0},"down":{"uv":[1.9375,6.5,1.8125,6.625],"rotation":0,"texture":"#0","tintindex":0}}},{"from":[12.46137,0.0,11.941371],"to":[13.261372,10.0,12.741371],"rotation":{"angle":0.0,"axis":"y","origin":[3.2613707,12.4,7.941371]},"faces":{"east":{"uv":[1.5625,6.625,1.6875,8.1875],"rotation":0,"texture":"#0","tintindex":0},"south":{"uv":[1.9375,6.625,2.0625,8.1875],"rotation":0,"texture":"#0","tintindex":0},"north":{"uv":[1.6875,6.625,1.8125,8.1875],"rotation":0,"texture":"#0","tintindex":0},"west":{"uv":[1.8125,6.625,1.9375,8.1875],"rotation":0,"texture":"#0","tintindex":0},"up":{"uv":[1.8125,6.625,1.6875,6.5],"rotation":0,"texture":"#0","tintindex":0},"down":{"uv":[1.9375,6.5,1.8125,6.625],"rotation":0,"texture":"#0","tintindex":0}}},{"from":[-4.3386297,10.0,0.74137115],"to":[20.06137,24.4,15.141371],"rotation":{"angle":0.0,"axis":"y","origin":[3.2613707,12.4,7.941371]},"faces":{"east":{"uv":[0.125,11.5625,2.375,13.8125],"rotation":0,"texture":"#0","tintindex":0},"south":{"uv":[8.4375,11.5625,12.25,13.8125],"rotation":0,"texture":"#0","tintindex":0},"north":{"uv":[2.375,11.5625,6.1875,13.8125],"rotation":0,"texture":"#0","tintindex":0},"west":{"uv":[6.1875,11.5625,8.4375,13.8125],"rotation":0,"texture":"#0","tintindex":0},"up":{"uv":[6.1875,11.5625,2.375,9.3125],"rotation":0,"texture":"#0","tintindex":0},"down":{"uv":[10.0,9.3125,6.1875,11.5625],"rotation":0,"texture":"#0","tintindex":0}}},{"from":[-1.5386295,8.0,0.34137106],"to":[17.661371,17.6,0.34137106],"rotation":{"angle":0.0,"axis":"y","origin":[10.061371,17.2,-0.45862865]},"faces":{"east":{"uv":[2.875,14.5,2.875,16.0],"rotation":0,"texture":"#0","tintindex":0},"north":{"uv":[2.875,14.5,5.875,16.0],"rotation":0,"texture":"#0","tintindex":0},"west":{"uv":[5.875,14.5,5.875,16.0],"rotation":0,"texture":"#0","tintindex":0},"up":{"uv":[5.875,14.5,2.875,14.5],"rotation":0,"texture":"#0","tintindex":0},"down":{"uv":[8.875,14.5,5.875,14.5],"rotation":0,"texture":"#0","tintindex":0}}},{"from":[-1.5386295,8.0,15.541371],"to":[17.661371,17.6,15.541371],"rotation":{"angle":0.0,"axis":"y","origin":[10.061371,17.2,-0.45862865]},"faces":{"east":{"uv":[2.875,14.5,2.875,16.0],"rotation":0,"texture":"#0","tintindex":0},"south":{"uv":[5.875,14.5,8.875,16.0],"rotation":0,"texture":"#0","tintindex":0},"west":{"uv":[5.875,14.5,5.875,16.0],"rotation":0,"texture":"#0","tintindex":0},"up":{"uv":[5.875,14.5,2.875,14.5],"rotation":0,"texture":"#0","tintindex":0},"down":{"uv":[8.875,14.5,5.875,14.5],"rotation":0,"texture":"#0","tintindex":0}}},{"from":[10.861371,-5.2,4.0550795],"to":[23.661371,2.0,4.0550795],"rotation":{"angle":45.0,"axis":"x","origin":[10.061371,10.0,12.055079]},"faces":{"east":{"uv":[10.1875,14.875,10.1875,16.0],"rotation":0,"texture":"#0","tintindex":0},"north":{"uv":[10.1875,14.875,12.1875,16.0],"rotation":0,"texture":"#0","tintindex":0},"west":{"uv":[12.1875,14.875,12.1875,16.0],"rotation":0,"texture":"#0","tintindex":0},"up":{"uv":[12.1875,14.875,10.1875,14.875],"rotation":0,"texture":"#0","tintindex":0},"down":{"uv":[14.1875,14.875,12.1875,14.875],"rotation":0,"texture":"#0","tintindex":0}}},{"from":[10.861371,-5.2,11.827662],"to":[23.661371,2.0,11.827662],"rotation":{"angle":-45.0,"axis":"x","origin":[10.061371,10.0,3.827662]},"faces":{"east":{"uv":[11.125,7.0,11.125,8.125],"rotation":0,"texture":"#0","tintindex":0},"south":{"uv":[13.125,7.0,15.125,8.125],"rotation":0,"texture":"#0","tintindex":0},"west":{"uv":[13.125,7.0,13.125,8.125],"rotation":0,"texture":"#0","tintindex":0},"up":{"uv":[13.125,7.0,11.125,7.0],"rotation":0,"texture":"#0","tintindex":0},"down":{"uv":[15.125,7.0,13.125,7.0],"rotation":0,"texture":"#0","tintindex":0}}},{"from":[10.861371,24.4,7.9276624],"to":[23.661371,31.6,7.9276624],"rotation":{"angle":0.0,"axis":"y","origin":[10.061371,10.0,3.827662]},"faces":{"east":{"uv":[11.1875,8.5625,11.1875,9.6875],"rotation":0,"texture":"#0","tintindex":0},"south":{"uv":[13.1875,8.5625,15.1875,9.6875],"rotation":0,"texture":"#0","tintindex":0},"north":{"uv":[11.1875,8.5625,13.1875,9.6875],"rotation":0,"texture":"#0","tintindex":0},"west":{"uv":[13.1875,8.5625,13.1875,9.6875],"rotation":0,"texture":"#0","tintindex":0},"up":{"uv":[13.1875,8.5625,11.1875,8.5625],"rotation":0,"texture":"#0","tintindex":0},"down":{"uv":[15.1875,8.5625,13.1875,8.5625],"rotation":0,"texture":"#0","tintindex":0}}}],"display":{"head":{"translation":[0.0,-6.4,0.0],"scale":[4.0,4.0,4.0]}}}