{"textures":{"0":"modelengine:entity/airship"},"elements":[{"from":[2.2857141,-16.0,-12.57143],"to":[12.571428,-10.285713,-6.8571434],"rotation":{"angle":0.0,"axis":"y","origin":[-13.1428585,12.000002,8.0]},"faces":{"east":{"uv":[2.0625,7.4375,2.6875,8.0625],"rotation":0,"texture":"#0","tintindex":0},"south":{"uv":[4.4375,7.4375,5.5625,8.0625],"rotation":0,"texture":"#0","tintindex":0},"north":{"uv":[2.6875,7.4375,3.8125,8.0625],"rotation":0,"texture":"#0","tintindex":0},"west":{"uv":[3.8125,7.4375,4.4375,8.0625],"rotation":0,"texture":"#0","tintindex":0},"up":{"uv":[3.8125,7.4375,2.6875,6.8125],"rotation":0,"texture":"#0","tintindex":0},"down":{"uv":[4.9375,6.8125,3.8125,7.4375],"rotation":0,"texture":"#0","tintindex":0}}},{"from":[2.2857141,-16.0,22.857143],"to":[12.571428,-10.285713,28.57143],"rotation":{"angle":0.0,"axis":"y","origin":[-13.1428585,12.000002,8.0]},"faces":{"east":{"uv":[2.0625,7.4375,2.6875,8.0625],"rotation":0,"texture":"#0","tintindex":0},"south":{"uv":[4.4375,7.4375,5.5625,8.0625],"rotation":0,"texture":"#0","tintindex":0},"north":{"uv":[2.6875,7.4375,3.8125,8.0625],"rotation":0,"texture":"#0","tintindex":0},"west":{"uv":[3.8125,7.4375,4.4375,8.0625],"rotation":0,"texture":"#0","tintindex":0},"up":{"uv":[3.8125,7.4375,2.6875,6.8125],"rotation":0,"texture":"#0","tintindex":0},"down":{"uv":[4.9375,6.8125,3.8125,7.4375],"rotation":0,"texture":"#0","tintindex":0}}},{"from":[9.142858,-14.285713,-6.8571434],"to":[11.428572,-11.999998,22.857143],"rotation":{"angle":0.0,"axis":"y","origin":[-13.1428585,12.000002,8.0]},"faces":{"east":{"uv":[3.75,8.875,7.0,9.125],"rotation":0,"texture":"#0","tintindex":0},"south":{"uv":[10.5,8.875,10.75,9.125],"rotation":0,"texture":"#0","tintindex":0},"north":{"uv":[7.0,8.875,7.25,9.125],"rotation":0,"texture":"#0","tintindex":0},"west":{"uv":[7.25,8.875,10.5,9.125],"rotation":0,"texture":"#0","tintindex":0},"up":{"uv":[7.25,8.875,7.0,5.625],"rotation":0,"texture":"#0","tintindex":0},"down":{"uv":[7.5,5.625,7.25,8.875],"rotation":0,"texture":"#0","tintindex":0}}},{"from":[4.0,-14.285713,-6.8571434],"to":[6.285714,-11.999998,22.857143],"rotation":{"angle":0.0,"axis":"y","origin":[-13.1428585,12.000002,8.0]},"faces":{"east":{"uv":[3.75,8.875,7.0,9.125],"rotation":0,"texture":"#0","tintindex":0},"south":{"uv":[10.5,8.875,10.75,9.125],"rotation":0,"texture":"#0","tintindex":0},"north":{"uv":[7.0,8.875,7.25,9.125],"rotation":0,"texture":"#0","tintindex":0},"west":{"uv":[7.25,8.875,10.5,9.125],"rotation":0,"texture":"#0","tintindex":0},"up":{"uv":[7.25,8.875,7.0,5.625],"rotation":0,"texture":"#0","tintindex":0},"down":{"uv":[7.5,5.625,7.25,8.875],"rotation":0,"texture":"#0","tintindex":0}}}],"display":{"head":{"translation":[0.0,-20.114294,0.0],"scale":[4.0,4.0,4.0]}}}