{"textures":{"0":"modelengine:entity/airship"},"elements":[{"from":[-3.4285717,-14.857143,0.0],"to":[0.0,-3.4285717,3.4285712],"rotation":{"angle":0.0,"axis":"y","origin":[-1.7142859,14.285715,8.0]},"faces":{"east":{"uv":[0.0625,5.75,0.4375,7.0],"rotation":0,"texture":"#0","tintindex":0},"south":{"uv":[1.1875,5.75,1.5625,7.0],"rotation":0,"texture":"#0","tintindex":0},"north":{"uv":[0.4375,5.75,0.8125,7.0],"rotation":0,"texture":"#0","tintindex":0},"west":{"uv":[0.8125,5.75,1.1875,7.0],"rotation":0,"texture":"#0","tintindex":0},"up":{"uv":[0.8125,5.75,0.4375,5.375],"rotation":0,"texture":"#0","tintindex":0},"down":{"uv":[1.1875,5.375,0.8125,5.75],"rotation":0,"texture":"#0","tintindex":0}}},{"from":[10.285714,-14.857143,0.0],"to":[13.714286,-3.4285717,3.4285712],"rotation":{"angle":0.0,"axis":"y","origin":[-1.7142859,14.285715,8.0]},"faces":{"east":{"uv":[0.0625,5.75,0.4375,7.0],"rotation":0,"texture":"#0","tintindex":0},"south":{"uv":[1.1875,5.75,1.5625,7.0],"rotation":0,"texture":"#0","tintindex":0},"north":{"uv":[0.4375,5.75,0.8125,7.0],"rotation":0,"texture":"#0","tintindex":0},"west":{"uv":[0.8125,5.75,1.1875,7.0],"rotation":0,"texture":"#0","tintindex":0},"up":{"uv":[0.8125,5.75,0.4375,5.375],"rotation":0,"texture":"#0","tintindex":0},"down":{"uv":[1.1875,5.375,0.8125,5.75],"rotation":0,"texture":"#0","tintindex":0}}},{"from":[0.0,-13.714287,1.1428566],"to":[10.285714,-4.5714293,2.8571424],"rotation":{"angle":0.0,"axis":"y","origin":[-1.7142859,14.285715,8.0]},"faces":{"east":{"uv":[2.625,4.3125,2.8125,5.3125],"rotation":0,"texture":"#0","tintindex":0},"south":{"uv":[4.125,4.3125,5.25,5.3125],"rotation":0,"texture":"#0","tintindex":0},"north":{"uv":[2.8125,4.3125,3.9375,5.3125],"rotation":0,"texture":"#0","tintindex":0},"west":{"uv":[3.9375,4.3125,4.125,5.3125],"rotation":0,"texture":"#0","tintindex":0},"up":{"uv":[3.9375,4.3125,2.8125,4.125],"rotation":0,"texture":"#0","tintindex":0},"down":{"uv":[5.0625,4.125,3.9375,4.3125],"rotation":0,"texture":"#0","tintindex":0}}},{"from":[-6.045105,-13.714287,1.9635949],"to":[1.954896,-4.5714293,3.6778808],"rotation":{"angle":45.0,"axis":"y","origin":[-1.7142859,14.285715,8.0]},"faces":{"east":{"uv":[3.875,5.8125,4.0625,6.8125],"rotation":0,"texture":"#0","tintindex":0},"south":{"uv":[5.125,5.8125,6.0,6.8125],"rotation":0,"texture":"#0","tintindex":0},"north":{"uv":[4.0625,5.8125,4.9375,6.8125],"rotation":0,"texture":"#0","tintindex":0},"west":{"uv":[4.9375,5.8125,5.125,6.8125],"rotation":0,"texture":"#0","tintindex":0},"up":{"uv":[4.9375,5.8125,4.0625,5.625],"rotation":0,"texture":"#0","tintindex":0},"down":{"uv":[5.8125,5.625,4.9375,5.8125],"rotation":0,"texture":"#0","tintindex":0}}}],"display":{"head":{"translation":[0.0,-6.4,0.0],"scale":[4.0,4.0,4.0]}}}