{"textures":{"0":"modelengine:entity/airship"},"elements":[{"from":[-16.0,-6.851427,6.5714283],"to":[-4.5714283,-3.9942846,9.428572],"rotation":{"angle":0.0,"axis":"y","origin":[3.285716,14.285717,8.0]},"faces":{"east":{"uv":[4.9375,5.3125,5.25,5.625],"rotation":0,"texture":"#0","tintindex":0},"south":{"uv":[6.8125,5.3125,8.0625,5.625],"rotation":0,"texture":"#0","tintindex":0},"north":{"uv":[5.25,5.3125,6.5,5.625],"rotation":0,"texture":"#0","tintindex":0},"west":{"uv":[6.5,5.3125,6.8125,5.625],"rotation":0,"texture":"#0","tintindex":0},"up":{"uv":[6.5,5.3125,5.25,5.0],"rotation":0,"texture":"#0","tintindex":0},"down":{"uv":[7.75,5.0,6.5,5.3125],"rotation":0,"texture":"#0","tintindex":0}}},{"from":[-3.4285698,-16.0,6.5714283],"to":[30.285717,-13.142857,9.428572],"rotation":{"angle":0.0,"axis":"y","origin":[3.285716,14.285717,8.0]},"faces":{"east":{"uv":[0.1875,3.8125,0.5,4.125],"rotation":0,"texture":"#0","tintindex":0},"south":{"uv":[4.5,3.8125,8.1875,4.125],"rotation":0,"texture":"#0","tintindex":0},"north":{"uv":[0.5,3.8125,4.1875,4.125],"rotation":0,"texture":"#0","tintindex":0},"west":{"uv":[4.1875,3.8125,4.5,4.125],"rotation":0,"texture":"#0","tintindex":0},"up":{"uv":[4.1875,3.8125,0.5,3.5],"rotation":0,"texture":"#0","tintindex":0},"down":{"uv":[7.875,3.5,4.1875,3.8125],"rotation":0,"texture":"#0","tintindex":0}}},{"from":[-2.999998,-10.285713,2.8571424],"to":[18.714287,-10.285713,13.142858],"rotation":{"angle":0.0,"axis":"y","origin":[3.285716,14.285717,8.0]},"faces":{"east":{"uv":[3.9375,1.125,5.0625,1.125],"rotation":0,"texture":"#0","tintindex":0},"south":{"uv":[8.5625,1.125,10.9375,1.125],"rotation":0,"texture":"#0","tintindex":0},"north":{"uv":[5.0625,1.125,7.4375,1.125],"rotation":0,"texture":"#0","tintindex":0},"west":{"uv":[7.4375,1.125,8.5625,1.125],"rotation":0,"texture":"#0","tintindex":0},"up":{"uv":[7.4375,1.125,5.0625,0.0],"rotation":0,"texture":"#0","tintindex":0},"down":{"uv":[9.8125,0.0,7.4375,1.125],"rotation":0,"texture":"#0","tintindex":0}}},{"from":[-2.999998,-13.314283,2.8571424],"to":[18.714287,-13.314283,13.142858],"rotation":{"angle":0.0,"axis":"y","origin":[3.285716,14.285717,8.0]},"faces":{"east":{"uv":[5.875,2.25,7.0,2.25],"rotation":0,"texture":"#0","tintindex":0},"south":{"uv":[10.5,2.25,12.875,2.25],"rotation":0,"texture":"#0","tintindex":0},"north":{"uv":[7.0,2.25,9.375,2.25],"rotation":0,"texture":"#0","tintindex":0},"west":{"uv":[9.375,2.25,10.5,2.25],"rotation":0,"texture":"#0","tintindex":0},"up":{"uv":[9.375,2.25,7.0,1.125],"rotation":0,"texture":"#0","tintindex":0},"down":{"uv":[11.75,1.125,9.375,2.25],"rotation":0,"texture":"#0","tintindex":0}}},{"from":[-3.363451,-14.285713,1.3676558],"to":[-1.0777359,-3.999999,3.6533704],"rotation":{"angle":45.0,"axis":"y","origin":[3.285716,14.285717,8.0]},"faces":{"east":{"uv":[6.0,5.875,6.25,7.0],"rotation":0,"texture":"#0","tintindex":0},"south":{"uv":[6.75,5.875,7.0,7.0],"rotation":0,"texture":"#0","tintindex":0},"north":{"uv":[6.25,5.875,6.5,7.0],"rotation":0,"texture":"#0","tintindex":0},"west":{"uv":[6.5,5.875,6.75,7.0],"rotation":0,"texture":"#0","tintindex":0},"up":{"uv":[6.5,5.875,6.25,5.625],"rotation":0,"texture":"#0","tintindex":0},"down":{"uv":[6.75,5.625,6.5,5.875],"rotation":0,"texture":"#0","tintindex":0}}},{"from":[18.714287,-13.714285,0.0],"to":[31.285717,1.9073486E-6,16.0],"rotation":{"angle":0.0,"axis":"y","origin":[3.285716,14.285717,8.0]},"faces":{"east":{"uv":[0.0625,1.8125,1.8125,3.3125],"rotation":0,"texture":"#0","tintindex":0},"south":{"uv":[4.9375,1.8125,6.3125,3.3125],"rotation":0,"texture":"#0","tintindex":0},"north":{"uv":[1.8125,1.8125,3.1875,3.3125],"rotation":0,"texture":"#0","tintindex":0},"west":{"uv":[3.1875,1.8125,4.9375,3.3125],"rotation":0,"texture":"#0","tintindex":0},"up":{"uv":[3.1875,1.8125,1.8125,0.0625],"rotation":0,"texture":"#0","tintindex":0},"down":{"uv":[4.5625,0.0625,3.1875,1.8125],"rotation":0,"texture":"#0","tintindex":0}}}],"display":{"head":{"translation":[-20.000008,-6.4000077,0.0],"scale":[4.0,4.0,4.0]}}}