{"textures":{"0":"modelengine:entity/airship"},"elements":[{"from":[-6.045105,-13.714287,12.322119],"to":[1.954896,-4.5714293,14.036406],"rotation":{"angle":-45.0,"axis":"y","origin":[-1.7142859,14.285715,8.0]},"faces":{"east":{"uv":[1.75,5.5,1.9375,6.5],"rotation":0,"texture":"#0","tintindex":0},"south":{"uv":[3.0,5.5,3.875,6.5],"rotation":0,"texture":"#0","tintindex":0},"north":{"uv":[1.9375,5.5,2.8125,6.5],"rotation":0,"texture":"#0","tintindex":0},"west":{"uv":[2.8125,5.5,3.0,6.5],"rotation":0,"texture":"#0","tintindex":0},"up":{"uv":[2.8125,5.5,1.9375,5.3125],"rotation":0,"texture":"#0","tintindex":0},"down":{"uv":[3.6875,5.3125,2.8125,5.5],"rotation":0,"texture":"#0","tintindex":0}}},{"from":[10.285714,-14.857143,12.571428],"to":[13.714286,-3.4285717,16.0],"rotation":{"angle":0.0,"axis":"y","origin":[-1.7142859,14.285715,8.0]},"faces":{"east":{"uv":[0.0625,7.4375,0.4375,8.6875],"rotation":0,"texture":"#0","tintindex":0},"south":{"uv":[1.1875,7.4375,1.5625,8.6875],"rotation":0,"texture":"#0","tintindex":0},"north":{"uv":[0.4375,7.4375,0.8125,8.6875],"rotation":0,"texture":"#0","tintindex":0},"west":{"uv":[0.8125,7.4375,1.1875,8.6875],"rotation":0,"texture":"#0","tintindex":0},"up":{"uv":[0.8125,7.4375,0.4375,7.0625],"rotation":0,"texture":"#0","tintindex":0},"down":{"uv":[1.1875,7.0625,0.8125,7.4375],"rotation":0,"texture":"#0","tintindex":0}}},{"from":[-3.4285717,-14.857143,12.571428],"to":[0.0,-3.4285717,16.0],"rotation":{"angle":0.0,"axis":"y","origin":[-1.7142859,14.285715,8.0]},"faces":{"east":{"uv":[0.0625,7.4375,0.4375,8.6875],"rotation":0,"texture":"#0","tintindex":0},"south":{"uv":[1.1875,7.4375,1.5625,8.6875],"rotation":0,"texture":"#0","tintindex":0},"north":{"uv":[0.4375,7.4375,0.8125,8.6875],"rotation":0,"texture":"#0","tintindex":0},"west":{"uv":[0.8125,7.4375,1.1875,8.6875],"rotation":0,"texture":"#0","tintindex":0},"up":{"uv":[0.8125,7.4375,0.4375,7.0625],"rotation":0,"texture":"#0","tintindex":0},"down":{"uv":[1.1875,7.0625,0.8125,7.4375],"rotation":0,"texture":"#0","tintindex":0}}},{"from":[0.0,-13.714287,13.142858],"to":[10.285714,-4.5714293,14.857143],"rotation":{"angle":0.0,"axis":"y","origin":[-1.7142859,14.285715,8.0]},"faces":{"east":{"uv":[0.0,4.3125,0.1875,5.3125],"rotation":0,"texture":"#0","tintindex":0},"south":{"uv":[1.5,4.3125,2.625,5.3125],"rotation":0,"texture":"#0","tintindex":0},"north":{"uv":[0.1875,4.3125,1.3125,5.3125],"rotation":0,"texture":"#0","tintindex":0},"west":{"uv":[1.3125,4.3125,1.5,5.3125],"rotation":0,"texture":"#0","tintindex":0},"up":{"uv":[1.3125,4.3125,0.1875,4.125],"rotation":0,"texture":"#0","tintindex":0},"down":{"uv":[2.4375,4.125,1.3125,4.3125],"rotation":0,"texture":"#0","tintindex":0}}}],"display":{"head":{"translation":[0.0,-6.4,0.0],"scale":[4.0,4.0,4.0]}}}