{"textures":{"0":"modelengine:entity/airship"},"elements":[{"from":[12.322119,-13.714285,-0.33082008],"to":[14.036406,-4.5714273,7.66918],"rotation":{"angle":45.0,"axis":"y","origin":[8.0,14.285717,3.999998]},"faces":{"east":{"uv":[4.0625,5.8125,4.9375,6.8125],"rotation":0,"texture":"#0","tintindex":0},"south":{"uv":[3.875,5.8125,4.0625,6.8125],"rotation":0,"texture":"#0","tintindex":0},"north":{"uv":[4.9375,5.8125,5.125,6.8125],"rotation":0,"texture":"#0","tintindex":0},"west":{"uv":[5.125,5.8125,6.0,6.8125],"rotation":0,"texture":"#0","tintindex":0},"up":{"uv":[4.9375,5.8125,4.0625,5.625],"rotation":90,"texture":"#0","tintindex":0},"down":{"uv":[5.8125,5.625,4.9375,5.8125],"rotation":270,"texture":"#0","tintindex":0}}},{"from":[13.142858,-13.714285,5.714284],"to":[14.857143,-4.5714273,15.999999],"rotation":{"angle":0.0,"axis":"y","origin":[8.0,14.285717,3.999998]},"faces":{"east":{"uv":[2.8125,4.3125,3.9375,5.3125],"rotation":0,"texture":"#0","tintindex":0},"south":{"uv":[2.625,4.3125,2.8125,5.3125],"rotation":0,"texture":"#0","tintindex":0},"north":{"uv":[3.9375,4.3125,4.125,5.3125],"rotation":0,"texture":"#0","tintindex":0},"west":{"uv":[4.125,4.3125,5.25,5.3125],"rotation":0,"texture":"#0","tintindex":0},"up":{"uv":[3.9375,4.3125,2.8125,4.125],"rotation":90,"texture":"#0","tintindex":0},"down":{"uv":[5.0625,4.125,3.9375,4.3125],"rotation":270,"texture":"#0","tintindex":0}}},{"from":[12.571428,-14.8571415,15.999999],"to":[16.0,-3.4285698,19.42857],"rotation":{"angle":0.0,"axis":"y","origin":[8.0,14.285717,3.999998]},"faces":{"east":{"uv":[0.4375,5.75,0.8125,7.0],"rotation":0,"texture":"#0","tintindex":0},"south":{"uv":[0.0625,5.75,0.4375,7.0],"rotation":0,"texture":"#0","tintindex":0},"north":{"uv":[0.8125,5.75,1.1875,7.0],"rotation":0,"texture":"#0","tintindex":0},"west":{"uv":[1.1875,5.75,1.5625,7.0],"rotation":0,"texture":"#0","tintindex":0},"up":{"uv":[0.8125,5.75,0.4375,5.375],"rotation":90,"texture":"#0","tintindex":0},"down":{"uv":[1.1875,5.375,0.8125,5.75],"rotation":270,"texture":"#0","tintindex":0}}},{"from":[12.571428,-14.8571415,2.2857122],"to":[16.0,-3.4285698,5.714284],"rotation":{"angle":0.0,"axis":"y","origin":[8.0,14.285717,3.999998]},"faces":{"east":{"uv":[0.4375,5.75,0.8125,7.0],"rotation":0,"texture":"#0","tintindex":0},"south":{"uv":[0.0625,5.75,0.4375,7.0],"rotation":0,"texture":"#0","tintindex":0},"north":{"uv":[0.8125,5.75,1.1875,7.0],"rotation":0,"texture":"#0","tintindex":0},"west":{"uv":[1.1875,5.75,1.5625,7.0],"rotation":0,"texture":"#0","tintindex":0},"up":{"uv":[0.8125,5.75,0.4375,5.375],"rotation":90,"texture":"#0","tintindex":0},"down":{"uv":[1.1875,5.375,0.8125,5.75],"rotation":270,"texture":"#0","tintindex":0}}},{"from":[1.1428566,-13.714285,5.714284],"to":[2.8571424,-4.5714273,15.999999],"rotation":{"angle":0.0,"axis":"y","origin":[8.0,14.285717,3.999998]},"faces":{"east":{"uv":[0.1875,4.3125,1.3125,5.3125],"rotation":0,"texture":"#0","tintindex":0},"south":{"uv":[0.0,4.3125,0.1875,5.3125],"rotation":0,"texture":"#0","tintindex":0},"north":{"uv":[1.3125,4.3125,1.5,5.3125],"rotation":0,"texture":"#0","tintindex":0},"west":{"uv":[1.5,4.3125,2.625,5.3125],"rotation":0,"texture":"#0","tintindex":0},"up":{"uv":[1.3125,4.3125,0.1875,4.125],"rotation":90,"texture":"#0","tintindex":0},"down":{"uv":[2.4375,4.125,1.3125,4.3125],"rotation":270,"texture":"#0","tintindex":0}}},{"from":[0.0,-14.8571415,2.2857122],"to":[3.4285712,-3.4285698,5.714284],"rotation":{"angle":0.0,"axis":"y","origin":[8.0,14.285717,3.999998]},"faces":{"east":{"uv":[0.4375,7.4375,0.8125,8.6875],"rotation":0,"texture":"#0","tintindex":0},"south":{"uv":[0.0625,7.4375,0.4375,8.6875],"rotation":0,"texture":"#0","tintindex":0},"north":{"uv":[0.8125,7.4375,1.1875,8.6875],"rotation":0,"texture":"#0","tintindex":0},"west":{"uv":[1.1875,7.4375,1.5625,8.6875],"rotation":0,"texture":"#0","tintindex":0},"up":{"uv":[0.8125,7.4375,0.4375,7.0625],"rotation":90,"texture":"#0","tintindex":0},"down":{"uv":[1.1875,7.0625,0.8125,7.4375],"rotation":270,"texture":"#0","tintindex":0}}},{"from":[0.0,-14.8571415,15.999999],"to":[3.4285712,-3.4285698,19.42857],"rotation":{"angle":0.0,"axis":"y","origin":[8.0,14.285717,3.999998]},"faces":{"east":{"uv":[0.4375,7.4375,0.8125,8.6875],"rotation":0,"texture":"#0","tintindex":0},"south":{"uv":[0.0625,7.4375,0.4375,8.6875],"rotation":0,"texture":"#0","tintindex":0},"north":{"uv":[0.8125,7.4375,1.1875,8.6875],"rotation":0,"texture":"#0","tintindex":0},"west":{"uv":[1.1875,7.4375,1.5625,8.6875],"rotation":0,"texture":"#0","tintindex":0},"up":{"uv":[0.8125,7.4375,0.4375,7.0625],"rotation":90,"texture":"#0","tintindex":0},"down":{"uv":[1.1875,7.0625,0.8125,7.4375],"rotation":270,"texture":"#0","tintindex":0}}},{"from":[1.9635949,-13.714285,-0.33082008],"to":[3.6778808,-4.5714273,7.66918],"rotation":{"angle":-45.0,"axis":"y","origin":[8.0,14.285717,3.999998]},"faces":{"east":{"uv":[1.9375,5.5,2.8125,6.5],"rotation":0,"texture":"#0","tintindex":0},"south":{"uv":[1.75,5.5,1.9375,6.5],"rotation":0,"texture":"#0","tintindex":0},"north":{"uv":[2.8125,5.5,3.0,6.5],"rotation":0,"texture":"#0","tintindex":0},"west":{"uv":[3.0,5.5,3.875,6.5],"rotation":0,"texture":"#0","tintindex":0},"up":{"uv":[2.8125,5.5,1.9375,5.3125],"rotation":90,"texture":"#0","tintindex":0},"down":{"uv":[3.6875,5.3125,2.8125,5.5],"rotation":270,"texture":"#0","tintindex":0}}},{"from":[6.5714283,-6.851427,-15.285717],"to":[9.428572,-3.9942846,-3.8571453],"rotation":{"angle":0.0,"axis":"y","origin":[8.0,14.285717,3.999998]},"faces":{"east":{"uv":[5.25,5.3125,6.5,5.625],"rotation":0,"texture":"#0","tintindex":0},"south":{"uv":[4.9375,5.3125,5.25,5.625],"rotation":0,"texture":"#0","tintindex":0},"north":{"uv":[6.5,5.3125,6.8125,5.625],"rotation":0,"texture":"#0","tintindex":0},"west":{"uv":[6.8125,5.3125,8.0625,5.625],"rotation":0,"texture":"#0","tintindex":0},"up":{"uv":[6.5,5.3125,5.25,5.0],"rotation":90,"texture":"#0","tintindex":0},"down":{"uv":[7.75,5.0,6.5,5.3125],"rotation":270,"texture":"#0","tintindex":0}}},{"from":[6.5714283,-16.0,-2.7142878],"to":[9.428572,-13.142857,31.0],"rotation":{"angle":0.0,"axis":"y","origin":[8.0,14.285717,3.999998]},"faces":{"east":{"uv":[0.5,3.8125,4.1875,4.125],"rotation":0,"texture":"#0","tintindex":0},"south":{"uv":[0.1875,3.8125,0.5,4.125],"rotation":0,"texture":"#0","tintindex":0},"north":{"uv":[4.1875,3.8125,4.5,4.125],"rotation":0,"texture":"#0","tintindex":0},"west":{"uv":[4.5,3.8125,8.1875,4.125],"rotation":0,"texture":"#0","tintindex":0},"up":{"uv":[4.1875,3.8125,0.5,3.5],"rotation":90,"texture":"#0","tintindex":0},"down":{"uv":[7.875,3.5,4.1875,3.8125],"rotation":270,"texture":"#0","tintindex":0}}},{"from":[2.8571424,-10.285713,-2.285717],"to":[13.142858,-10.285713,19.42857],"rotation":{"angle":0.0,"axis":"y","origin":[8.0,14.285717,3.999998]},"faces":{"east":{"uv":[5.0625,1.125,7.4375,1.125],"rotation":0,"texture":"#0","tintindex":0},"south":{"uv":[3.9375,1.125,5.0625,1.125],"rotation":0,"texture":"#0","tintindex":0},"north":{"uv":[7.4375,1.125,8.5625,1.125],"rotation":0,"texture":"#0","tintindex":0},"west":{"uv":[8.5625,1.125,10.9375,1.125],"rotation":0,"texture":"#0","tintindex":0},"up":{"uv":[7.4375,1.125,5.0625,0.0],"rotation":90,"texture":"#0","tintindex":0},"down":{"uv":[9.8125,0.0,7.4375,1.125],"rotation":270,"texture":"#0","tintindex":0}}},{"from":[2.8571424,-13.314283,-2.285717],"to":[13.142858,-13.314283,19.42857],"rotation":{"angle":0.0,"axis":"y","origin":[8.0,14.285717,3.999998]},"faces":{"east":{"uv":[7.0,2.25,9.375,2.25],"rotation":0,"texture":"#0","tintindex":0},"south":{"uv":[5.875,2.25,7.0,2.25],"rotation":0,"texture":"#0","tintindex":0},"north":{"uv":[9.375,2.25,10.5,2.25],"rotation":0,"texture":"#0","tintindex":0},"west":{"uv":[10.5,2.25,12.875,2.25],"rotation":0,"texture":"#0","tintindex":0},"up":{"uv":[9.375,2.25,7.0,1.125],"rotation":90,"texture":"#0","tintindex":0},"down":{"uv":[11.75,1.125,9.375,2.25],"rotation":270,"texture":"#0","tintindex":0}}},{"from":[12.34663,-14.285713,-2.649167],