{"textures":{"0":"modelengine:entity/nightharrow_wendigo_ghost_texture"},"elements":[{"from":[5.760974,5.68056,1.9327526],"to":[10.332402,11.394846,8.218467],"rotation":{"angle":0.0,"axis":"y","origin":[8.618116,9.109132,3.0756097]},"faces":{"east":{"uv":[3.3125,3.6875,4.0,4.3125],"rotation":0,"texture":"#0","tintindex":0},"south":{"uv":[0.5625,5.3125,1.0625,5.9375],"rotation":0,"texture":"#0","tintindex":0},"north":{"uv":[5.25,0.0,5.75,0.625],"rotation":0,"texture":"#0","tintindex":0},"west":{"uv":[1.0,3.8125,1.6875,4.4375],"rotation":0,"texture":"#0","tintindex":0},"up":{"uv":[3.1875,5.875,2.6875,5.1875],"rotation":0,"texture":"#0","tintindex":0},"down":{"uv":[3.75,5.1875,3.25,5.875],"rotation":0,"texture":"#0","tintindex":0}}},{"from":[6.046688,5.9662743,2.2184668],"to":[10.046688,11.109132,7.9327526],"rotation":{"angle":0.0,"axis":"y","origin":[8.9038315,9.109132,3.0756097]},"faces":{"east":{"uv":[4.875,3.6875,5.5,4.25],"rotation":0,"texture":"#0","tintindex":0},"south":{"uv":[3.625,6.0,4.0625,6.5625],"rotation":0,"texture":"#0","tintindex":0},"north":{"uv":[0.4375,6.0,0.875,6.5625],"rotation":0,"texture":"#0","tintindex":0},"west":{"uv":[5.0,1.125,5.625,1.6875],"rotation":0,"texture":"#0","tintindex":0},"up":{"uv":[2.4375,6.4375,2.0,5.8125],"rotation":0,"texture":"#0","tintindex":0},"down":{"uv":[1.875,5.875,1.4375,6.5],"rotation":0,"texture":"#0","tintindex":0}}},{"from":[6.618117,6.8234177,-3.210105],"to":[9.47526,10.251989,1.9327526],"rotation":{"angle":0.0,"axis":"y","origin":[8.332402,9.109132,4.2184668]},"faces":{"east":{"uv":[5.8125,2.1875,6.375,2.5625],"rotation":0,"texture":"#0","tintindex":0},"south":{"uv":[6.6875,7.5,7.0,7.875],"rotation":0,"texture":"#0","tintindex":0},"north":{"uv":[6.0,7.375,6.3125,7.75],"rotation":0,"texture":"#0","tintindex":0},"west":{"uv":[6.0625,0.625,6.625,1.0],"rotation":0,"texture":"#0","tintindex":0},"up":{"uv":[7.0,7.4375,6.6875,6.875],"rotation":0,"texture":"#0","tintindex":0},"down":{"uv":[1.75,6.9375,1.4375,7.5],"rotation":0,"texture":"#0","tintindex":0}}},{"from":[6.618117,5.109132,-3.210105],"to":[6.618117,6.8234177,1.9327526],"rotation":{"angle":0.0,"axis":"y","origin":[8.332402,9.109132,4.2184668]},"faces":{"east":{"uv":[4.3125,7.6875,4.875,7.875],"rotation":0,"texture":"#0","tintindex":0},"south":{"uv":[3.9375,0.5,3.9375,0.6875],"rotation":0,"texture":"#0","tintindex":0},"north":{"uv":[2.1875,3.75,2.1875,3.9375],"rotation":0,"texture":"#0","tintindex":0},"west":{"uv":[7.6875,6.8125,8.25,7.0],"rotation":0,"texture":"#0","tintindex":0},"up":{"uv":[1.6875,9.75,1.6875,9.1875],"rotation":0,"texture":"#0","tintindex":0},"down":{"uv":[1.9375,9.1875,1.9375,9.75],"rotation":0,"texture":"#0","tintindex":0}}},{"from":[9.47526,5.109132,-3.210105],"to":[9.47526,6.8234177,1.9327526],"rotation":{"angle":0.0,"axis":"y","origin":[7.760974,9.109132,4.2184668]},"faces":{"east":{"uv":[8.25,6.8125,7.6875,7.0],"rotation":0,"texture":"#0","tintindex":0},"south":{"uv":[3.9375,0.5,3.9375,0.6875],"rotation":0,"texture":"#0","tintindex":0},"north":{"uv":[2.1875,3.75,2.1875,3.9375],"rotation":0,"texture":"#0","tintindex":0},"west":{"uv":[4.875,7.6875,4.3125,7.875],"rotation":0,"texture":"#0","tintindex":0},"up":{"uv":[1.6875,9.75,1.6875,9.1875],"rotation":0,"texture":"#0","tintindex":0},"down":{"uv":[1.9375,9.1875,1.9375,9.75],"rotation":0,"texture":"#0","tintindex":0}}},{"from":[6.618117,5.109132,-3.210105],"to":[9.47526,6.8234177,-3.210105],"rotation":{"angle":0.0,"axis":"y","origin":[8.332402,9.109132,4.2184668]},"faces":{"east":{"uv":[0.9375,4.25,0.9375,4.4375],"rotation":0,"texture":"#0","tintindex":0},"south":{"uv":[8.3125,8.25,8.625,8.4375],"rotation":0,"texture":"#0","tintindex":0},"north":{"uv":[8.3125,0.625,8.625,0.8125],"rotation":0,"texture":"#0","tintindex":0},"west":{"uv":[2.4375,6.5,2.4375,6.6875],"rotation":0,"texture":"#0","tintindex":0},"up":{"uv":[4.75,1.125,4.4375,1.125],"rotation":0,"texture":"#0","tintindex":0},"down":{"uv":[5.3125,1.75,5.0,1.75],"rotation":0,"texture":"#0","tintindex":0}}},{"from":[4.029126,13.623085,4.145155],"to":[5.171983,18.194515,6.4308696],"rotation":{"angle":-45.0,"axis":"x","origin":[4.8862686,14.480227,8.430869]},"faces":{"east":{"uv":[5.3125,5.75,5.5625,6.25],"rotation":0,"texture":"#0","tintindex":0},"south":{"uv":[0.9375,8.1875,1.0625,8.6875],"rotation":0,"texture":"#0","tintindex":0},"north":{"uv":[0.75,8.1875,0.875,8.6875],"rotation":0,"texture":"#0","tintindex":0},"west":{"uv":[3.0625,7.3125,3.3125,7.8125],"rotation":0,"texture":"#0","tintindex":0},"up":{"uv":[5.125,9.125,5.0,8.875],"rotation":0,"texture":"#0","tintindex":0},"down":{"uv":[9.125,1.6875,9.0,1.9375],"rotation":0,"texture":"#0","tintindex":0}}},{"from":[3.4752593,8.939932,6.243197],"to":[6.332402,12.368504,7.9574823],"rotation":{"angle":22.5,"axis":"z","origin":[5.189545,12.368504,6.243197]},"faces":{"east":{"uv":[7.875,8.0,8.0625,8.375],"rotation":0,"texture":"#0","tintindex":0},"south":{"uv":[7.625,4.625,7.9375,5.0],"rotation":0,"texture":"#0","tintindex":0},"north":{"uv":[7.625,4.1875,7.9375,4.5625],"rotation":0,"texture":"#0","tintindex":0},"west":{"uv":[8.0625,1.125,8.25,1.5],"rotation":0,"texture":"#0","tintindex":0},"up":{"uv":[8.6875,3.9375,8.375,3.75],"rotation":0,"texture":"#0","tintindex":0},"down":{"uv":[8.6875,5.0625,8.375,5.25],"rotation":0,"texture":"#0","tintindex":0}}},{"from":[1.0676575,12.385407,6.943423],"to":[5.6390867,14.671122,8.08628],"rotation":{"angle":-22.5,"axis":"z","origin":[-0.0136499405,14.678898,8.129055]},"faces":{"east":{"uv":[1.5625,8.875,1.6875,9.125],"rotation":0,"texture":"#0","tintindex":0},"south":{"uv":[7.3125,2.625,7.8125,2.875],"rotation":0,"texture":"#0","tintindex":0},"north":{"uv":[2.5,7.3125,3.0,7.5625],"rotation":0,"texture":"#0","tintindex":0},"west":{"uv":[4.0,8.875,4.125,9.125],"rotation":0,"texture":"#0","tintindex":0},"up":{"uv":[8.4375,7.6875,7.9375,7.5625],"rotation":0,"texture":"#0","tintindex":0},"down":{"uv":[8.5625,1.5625,8.0625,1.6875],"rotation":0,"texture":"#0","tintindex":0}}},{"from":[-3.6441078,15.939196,6.971994],"to":[0.92732096,17.653482,8.114851],"rotation":{"angle":-22.5,"axis":"z","origin":[-2.8878727,17.63184,7.6835284]},"faces":{"east":{"uv":[6.875,9.0,7.0,9.1875],"rotation":0,"texture":"#0","tintindex":0},"south":{"uv":[7.875,2.625,8.375,2.8125],"rotation":0,"texture":"#0","tintindex":0},"north":{"uv":[7.75,0.625,8.25,0.8125],"rotation":0,"texture":"#0","tintindex":0},"west":{"uv":[9.0625,1.125,9.1875,1.3125],"rotation":0,"texture":"#0","tintindex":0},"up":{"uv":[3.375,8.3125,2.875,8.1875],"rotation":0,"texture":"#0","tintindex":0},"down":{"uv":[2.1875,8.25,1.6875,8.375],"rotation":0,"texture":"#0","tintindex":0}}},{"from":[-3.950019,17.018415,7.5379195],"to":[-2.8071623,21.589844,8.109348],"rotation":{"angle":22.5,"axis":"z","origin":[-2.8878727,17.63184,7.6835284]},"faces":{"east":{"uv":[3.9375,4.375,4.0,4.875],"rotation":0,"texture":"#0","tintindex":0},"south":{"uv":[7.5625,8.1875,7.6875,8.6875],"rotation":0,"texture":"#0","tintindex":0},"north":{"uv":[1.125,8.1875,1.25,8.6875],"rotation":0,"texture":"#0","tintindex":0},"west":{"uv":[3.8125,5.1875,3.875,5.6875],"rotation":0,"texture":"#0","tintindex":0},"up":{"uv":[1.25,9.25,1.125,9.1875],"rotation":0,"texture":"#0","tintindex":0},"down":{"uv":[1.4375,9.1875,1.3125,9.25],"rotation":0,"texture":"#0","tintindex":0}}},{"from":[0.033339977,12.776033,6.9577084],"to":[1.7476258,16.204605,8.100566],"rotation":{"angle":22.5,"axis":"z","origin":[0.033339977,14.49032,7.529137]},"faces":{"east":{"uv":[8.8125,2.4375,8.9375,2.8125],"rotation":0,"texture":"#0","tintindex":0},"south":{"uv":[4.0625,8.0,4.25,8.375],"rotation":0,"texture":"#0","tintindex":0},"north":{"uv":[1.4375,8.0,1.625,8.375],"rotation":0,"texture":"#0","tintindex":0},"west":{"uv":[2.8125,8.8125,2.9375,9.1875],"rotation":0,"texture":"#0","tintindex":0},"up":{"uv":[9.25,0.875,9.0625,0.75],"rotation":0,"texture":"#0","tintindex":0},"down":{"uv":[9.25,0.9375,9.0625,1.0625],"rotation":0,"texture":"#0",