{"textures":{"0":"modelengine:entity/nightharrow_wendigo_ghost_texture"},"elements":[{"from":[5.9839287,2.1751966,4.6157837],"to":[9.4125,9.03234,9.758641],"rotation":{"angle":22.5,"axis":"x","origin":[7.4125,5.8894825,6.7586412]},"faces":{"east":{"uv":[4.1875,1.8125,4.75,2.5625],"rotation":0,"texture":"#0","tintindex":0},"south":{"uv":[5.625,4.6875,6.0,5.4375],"rotation":0,"texture":"#0","tintindex":0},"north":{"uv":[5.625,4.6875,6.0,5.4375],"rotation":0,"texture":"#0","tintindex":0},"west":{"uv":[4.1875,1.8125,4.75,2.5625],"rotation":0,"texture":"#0","tintindex":0},"up":{"uv":[0.375,7.0,0.0,6.4375],"rotation":0,"texture":"#0","tintindex":0},"down":{"uv":[0.375,7.0,0.0,6.4375],"rotation":0,"texture":"#0","tintindex":0}}},{"from":[5.4125,2.7466254,4.0443554],"to":[8.841071,9.603768,8.615784],"rotation":{"angle":22.5,"axis":"x","origin":[7.4125,5.8894825,6.7586412]},"faces":{"east":{"uv":[0.0,4.75,0.5,5.5],"rotation":0,"texture":"#0","tintindex":0},"south":{"uv":[4.875,5.75,5.25,6.5],"rotation":0,"texture":"#0","tintindex":0},"north":{"uv":[4.4375,5.75,4.8125,6.5],"rotation":0,"texture":"#0","tintindex":0},"west":{"uv":[4.8125,1.8125,5.3125,2.5625],"rotation":0,"texture":"#0","tintindex":0},"up":{"uv":[7.25,3.25,6.875,2.75],"rotation":0,"texture":"#0","tintindex":0},"down":{"uv":[7.25,5.4375,6.875,5.9375],"rotation":0,"texture":"#0","tintindex":0}}}],"display":{"head":{"translation":[0.0,-6.4,0.0],"scale":[4.0,4.0,4.0]}}}