{"textures":{"0":"modelengine:entity/nightharrow_wendigo_ghost_texture"},"elements":[{"from":[4.890476,7.9495673,6.246476],"to":[8.319048,11.378139,9.675048],"rotation":{"angle":-22.5,"axis":"z","origin":[3.0552115,9.458645,7.953619]},"faces":{"east":{"uv":[5.3125,7.125,5.6875,7.5],"rotation":0,"texture":"#0","tintindex":0},"south":{"uv":[7.1875,1.0,7.5625,1.375],"rotation":0,"texture":"#0","tintindex":0},"north":{"uv":[3.625,7.125,4.0,7.5],"rotation":0,"texture":"#0","tintindex":0},"west":{"uv":[7.1875,1.9375,7.5625,2.3125],"rotation":0,"texture":"#0","tintindex":0},"up":{"uv":[7.5625,4.5625,7.1875,4.1875],"rotation":0,"texture":"#0","tintindex":0},"down":{"uv":[7.5625,4.625,7.1875,5.0],"rotation":0,"texture":"#0","tintindex":0}}},{"from":[2.4007287,7.2572556,6.2607617],"to":[5.2578716,8.971541,9.646477],"rotation":{"angle":0.0,"axis":"y","origin":[3.0552115,9.458645,7.953619]},"faces":{"east":{"uv":[8.0,0.875,8.375,1.0625],"rotation":0,"texture":"#0","tintindex":0},"south":{"uv":[8.375,3.5,8.6875,3.6875],"rotation":0,"texture":"#0","tintindex":0},"north":{"uv":[3.1875,8.375,3.5,8.5625],"rotation":0,"texture":"#0","tintindex":0},"west":{"uv":[8.0,1.75,8.375,1.9375],"rotation":0,"texture":"#0","tintindex":0},"up":{"uv":[7.875,7.6875,7.5625,7.3125],"rotation":0,"texture":"#0","tintindex":0},"down":{"uv":[7.9375,2.25,7.625,1.875],"rotation":0,"texture":"#0","tintindex":0}}},{"from":[0.47241497,4.9746933,6.2607617],"to":[3.329558,6.1175504,9.646477],"rotation":{"angle":45.0,"axis":"z","origin":[3.0552115,9.458645,7.953619]},"faces":{"east":{"uv":[5.125,3.5,5.5,3.625],"rotation":0,"texture":"#0","tintindex":0},"south":{"uv":[8.6875,8.875,9.0,9.0],"rotation":0,"texture":"#0","tintindex":0},"north":{"uv":[7.9375,8.875,8.25,9.0],"rotation":0,"texture":"#0","tintindex":0},"west":{"uv":[8.5,6.625,8.875,6.75],"rotation":0,"texture":"#0","tintindex":0},"up":{"uv":[7.9375,2.25,7.625,1.875],"rotation":0,"texture":"#0","tintindex":0},"down":{"uv":[2.8125,7.625,2.5,8.0],"rotation":0,"texture":"#0","tintindex":0}}},{"from":[1.1260657,6.116825,7.103619],"to":[4.554637,7.831111,8.817904],"rotation":{"angle":22.5,"axis":"z","origin":[3.0552115,9.458645,7.953619]},"faces":{"east":{"uv":[1.25,8.9375,1.0625,9.125],"rotation":0,"texture":"#0","tintindex":0},"south":{"uv":[8.0,2.0,8.375,2.1875],"rotation":0,"texture":"#0","tintindex":0},"north":{"uv":[8.0,2.0,8.375,2.1875],"rotation":0,"texture":"#0","tintindex":0},"west":{"uv":[1.0625,8.9375,1.25,9.125],"rotation":0,"texture":"#0","tintindex":0},"up":{"uv":[8.375,4.5,8.0,4.3125],"rotation":0,"texture":"#0","tintindex":0},"down":{"uv":[8.375,4.5,8.0,4.3125],"rotation":0,"texture":"#0","tintindex":0}}},{"from":[0.5173578,5.835498,7.660762],"to":[3.945929,7.5497837,8.803619],"rotation":{"angle":-22.5,"axis":"z","origin":[3.0552115,9.458645,7.953619]},"faces":{"east":{"uv":[6.8125,9.0,6.6875,9.1875],"rotation":0,"texture":"#0","tintindex":0},"south":{"uv":[8.0,4.8125,8.375,5.0],"rotation":0,"texture":"#0","tintindex":0},"north":{"uv":[8.0,4.8125,8.375,5.0],"rotation":0,"texture":"#0","tintindex":0},"west":{"uv":[6.6875,9.0,6.8125,9.1875],"rotation":0,"texture":"#0","tintindex":0},"up":{"uv":[8.875,6.9375,8.5,6.8125],"rotation":0,"texture":"#0","tintindex":0},"down":{"uv":[8.875,6.9375,8.5,6.8125],"rotation":0,"texture":"#0","tintindex":0}}},{"from":[-0.64616203,8.962584,8.217905],"to":[0.49669552,12.391155,8.789333],"rotation":{"angle":22.5,"axis":"z","origin":[3.0552115,9.458645,7.953619]},"faces":{"east":{"uv":[0.4375,5.5625,0.5,5.9375],"rotation":0,"texture":"#0","tintindex":0},"south":{"uv":[7.9375,8.4375,8.0625,8.8125],"rotation":0,"texture":"#0","tintindex":0},"north":{"uv":[7.9375,8.4375,8.0625,8.8125],"rotation":0,"texture":"#0","tintindex":0},"west":{"uv":[0.4375,5.5625,0.5,5.9375],"rotation":0,"texture":"#0","tintindex":0},"up":{"uv":[2.125,5.75,2.0,5.6875],"rotation":0,"texture":"#0","tintindex":0},"down":{"uv":[2.125,5.75,2.0,5.6875],"rotation":0,"texture":"#0","tintindex":0}}},{"from":[5.2482533,7.5220156,7.103619],"to":[6.962539,10.950587,8.246476],"rotation":{"angle":22.5,"axis":"z","origin":[3.0552115,9.458645,7.953619]},"faces":{"east":{"uv":[8.5,8.5,8.625,8.875],"rotation":0,"texture":"#0","tintindex":0},"south":{"uv":[5.6875,7.9375,5.875,8.3125],"rotation":0,"texture":"#0","tintindex":0},"north":{"uv":[1.5,4.5,1.6875,4.875],"rotation":0,"texture":"#0","tintindex":0},"west":{"uv":[6.6875,8.5625,6.8125,8.9375],"rotation":0,"texture":"#0","tintindex":0},"up":{"uv":[9.1875,6.5625,9.0,6.4375],"rotation":0,"texture":"#0","tintindex":0},"down":{"uv":[9.1875,7.9375,9.0,8.0625],"rotation":0,"texture":"#0","tintindex":0}}},{"from":[4.2060766,12.335678,7.660762],"to":[5.3489337,15.76425,8.23219],"rotation":{"angle":-22.5,"axis":"z","origin":[3.0552115,9.458645,7.953619]},"faces":{"east":{"uv":[6.5625,8.0625,6.625,8.4375],"rotation":0,"texture":"#0","tintindex":0},"south":{"uv":[8.3125,8.5,8.4375,8.875],"rotation":0,"texture":"#0","tintindex":0},"north":{"uv":[6.5,8.5,6.625,8.875],"rotation":0,"texture":"#0","tintindex":0},"west":{"uv":[8.5625,8.9375,8.625,9.3125],"rotation":0,"texture":"#0","tintindex":0},"up":{"uv":[6.625,1.5,6.5,1.4375],"rotation":0,"texture":"#0","tintindex":0},"down":{"uv":[7.0,3.3125,6.875,3.375],"rotation":0,"texture":"#0","tintindex":0}}},{"from":[0.47241497,6.1175504,6.2607617],"to":[3.329558,7.831836,6.2607617],"rotation":{"angle":45.0,"axis":"z","origin":[3.0552115,9.458645,7.953619]},"faces":{"east":{"uv":[2.4375,7.8125,2.4375,8.0],"rotation":0,"texture":"#0","tintindex":0},"south":{"uv":[1.625,8.4375,1.3125,8.625],"rotation":0,"texture":"#0","tintindex":0},"north":{"uv":[1.3125,8.4375,1.625,8.625],"rotation":0,"texture":"#0","tintindex":0},"west":{"uv":[6.3125,7.8125,6.3125,8.0],"rotation":0,"texture":"#0","tintindex":0},"up":{"uv":[7.125,1.0,6.8125,1.0],"rotation":0,"texture":"#0","tintindex":0},"down":{"uv":[2.0,8.1875,1.6875,8.1875],"rotation":0,"texture":"#0","tintindex":0}}},{"from":[2.4007287,5.5429697,6.275048],"to":[5.2578716,7.2572556,6.275048],"rotation":{"angle":0.0,"axis":"y","origin":[3.0552115,9.458645,7.953619]},"faces":{"east":{"uv":[7.75,8.1875,7.75,8.375],"rotation":0,"texture":"#0","tintindex":0},"south":{"uv":[8.75,2.5625,8.4375,2.75],"rotation":0,"texture":"#0","tintindex":0},"north":{"uv":[8.4375,2.5625,8.75,2.75],"rotation":0,"texture":"#0","tintindex":0},"west":{"uv":[7.8125,8.1875,7.8125,8.375],"rotation":0,"texture":"#0","tintindex":0},"up":{"uv":[9.5,0.5,9.1875,0.5],"rotation":0,"texture":"#0","tintindex":0},"down":{"uv":[9.5,2.5625,9.1875,2.5625],"rotation":0,"texture":"#0","tintindex":0}}},{"from":[2.4007287,5.5429697,9.631619],"to":[5.2578716,7.2572556,9.631619],"rotation":{"angle":0.0,"axis":"y","origin":[3.0552115,9.458645,7.953619]},"faces":{"east":{"uv":[3.4375,8.625,3.4375,8.8125],"rotation":0,"texture":"#0","tintindex":0},"south":{"uv":[8.75,2.5625,8.4375,2.75],"rotation":0,"texture":"#0","tintindex":0},"north":{"uv":[8.4375,2.5625,8.75,2.75],"rotation":0,"texture":"#0","tintindex":0},"west":{"uv":[3.5,8.625,3.5,8.8125],"rotation":0,"texture":"#0","tintindex":0},"up":{"uv":[9.5,3.8125,9.1875,3.8125],"rotation":0,"texture":"#0","tintindex":0},"down":{"uv":[9.5,4.6875,9.1875,4.6875],"rotation":0,"texture":"#0","tintindex":0}}},{"from":[0.47241497,6.1175504,9.646477],"to":[3.329558,7.831836,9.646477],"rotation":{"angle":45.0,"axis":"z","origin":[3.0552115,9.458645,7.953619]},"faces":{"east":{"uv":[1.3125,8.1875,1.3125,8.375],"rotation":0,"texture":"#0","tintindex":0},"south":{"uv":[1.625,8.4375,1.3125,8.625],"rotation":0,"texture":"#0","tintindex":0},"north":{"uv":[1.3125,8.4375,1.625,8.625],"rotation":0,"texture":"#0","tintindex":0},"west":{"uv":[1.375,8.1875,1.375,8.375],"rotation":0,"texture":"#0","tintindex":0},"up":{"uv":[8.75,3.0625,8.4375,3.0625],"rotation":0,"texture":"#0","tintindex":0},"down":{"uv":[9.5,0.125,9.1875,0.125],"rotation":0,"texture":"#0","tintindex":0}}}],"display":{"head":{"translation":[0.0,-6.4,0.0],"scale":[4.0,4.0,4.0]}}}