{"textures":{"0":"modelengine:entity/nightharrow_wendigo_ghost_texture"},"elements":[{"from":[6.926777,-2.1276245,6.444996],"to":[9.212491,8.158091,9.873568],"rotation":{"angle":0.0,"axis":"y","origin":[8.0696335,-0.5561962,5.873567]},"faces":{"east":{"uv":[4.0,0.0,4.375,1.125],"rotation":0,"texture":"#0","tintindex":0},"south":{"uv":[1.125,5.3125,1.375,6.4375],"rotation":0,"texture":"#0","tintindex":0},"north":{"uv":[1.125,5.3125,1.375,6.4375],"rotation":0,"texture":"#0","tintindex":0},"west":{"uv":[4.0,0.0,4.375,1.125],"rotation":0,"texture":"#0","tintindex":0},"up":{"uv":[5.1875,8.0625,4.9375,7.6875],"rotation":0,"texture":"#0","tintindex":0},"down":{"uv":[5.1875,8.0625,4.9375,7.6875],"rotation":0,"texture":"#0","tintindex":0}}},{"from":[6.6410623,-0.98476696,6.1592813],"to":[9.498205,6.4438047,10.159282],"rotation":{"angle":0.0,"axis":"y","origin":[8.0696335,-0.5561962,5.873567]},"faces":{"east":{"uv":[1.5,5.0,1.9375,5.8125],"rotation":0,"texture":"#0","tintindex":0},"south":{"uv":[2.5,5.9375,2.8125,6.75],"rotation":0,"texture":"#0","tintindex":0},"north":{"uv":[5.875,3.5,6.1875,4.3125],"rotation":0,"texture":"#0","tintindex":0},"west":{"uv":[5.125,2.625,5.5625,3.4375],"rotation":0,"texture":"#0","tintindex":0},"up":{"uv":[0.875,5.1875,0.5625,4.75],"rotation":0,"texture":"#0","tintindex":0},"down":{"uv":[2.4375,7.3125,2.125,7.75],"rotation":0,"texture":"#0","tintindex":0}}},{"from":[3.0594811,-0.98476696,7.169434],"to":[7.059481,6.4438047,7.169434],"rotation":{"angle":45.0,"axis":"y","origin":[5.63091,1.872376,7.169434]},"faces":{"east":{"uv":[2.125,9.1875,2.125,10.0],"rotation":0,"texture":"#0","tintindex":0},"south":{"uv":[4.375,5.125,3.9375,5.9375],"rotation":0,"texture":"#0","tintindex":0},"north":{"uv":[3.9375,5.125,4.375,5.9375],"rotation":0,"texture":"#0","tintindex":0},"west":{"uv":[3.75,9.1875,3.75,10.0],"rotation":0,"texture":"#0","tintindex":0},"up":{"uv":[8.375,2.5625,7.9375,2.5625],"rotation":0,"texture":"#0","tintindex":0},"down":{"uv":[8.4375,2.25,8.0,2.25],"rotation":0,"texture":"#0","tintindex":0}}}],"display":{"head":{"translation":[0.0,-6.4,0.0],"scale":[4.0,4.0,4.0]}}}