{"textures":{"0":"modelengine:entity/nightharrow_wendigo_ghost_texture"},"elements":[{"from":[6.3628,8.413785,4.484434],"to":[9.791371,11.842357,7.913006],"rotation":{"angle":22.5,"axis":"x","origin":[8.0842285,8.234465,3.3485274]},"faces":{"east":{"uv":[3.625,7.125,4.0,7.5],"rotation":0,"texture":"#0","tintindex":0},"south":{"uv":[5.3125,7.125,5.6875,7.5],"rotation":0,"texture":"#0","tintindex":0},"north":{"uv":[7.1875,1.9375,7.5625,2.3125],"rotation":0,"texture":"#0","tintindex":0},"west":{"uv":[7.1875,1.0,7.5625,1.375],"rotation":0,"texture":"#0","tintindex":0},"up":{"uv":[7.5625,4.5625,7.1875,4.1875],"rotation":90,"texture":"#0","tintindex":0},"down":{"uv":[7.5625,4.625,7.1875,5.0],"rotation":270,"texture":"#0","tintindex":0}}},{"from":[6.3913713,7.8605843,2.6940446],"to":[9.777086,9.57487,5.5511875],"rotation":{"angle":0.0,"axis":"y","origin":[8.0842285,8.234465,3.3485274]},"faces":{"east":{"uv":[3.1875,8.375,3.5,8.5625],"rotation":0,"texture":"#0","tintindex":0},"south":{"uv":[8.0,0.875,8.375,1.0625],"rotation":0,"texture":"#0","tintindex":0},"north":{"uv":[8.0,1.75,8.375,1.9375],"rotation":0,"texture":"#0","tintindex":0},"west":{"uv":[8.375,3.5,8.6875,3.6875],"rotation":0,"texture":"#0","tintindex":0},"up":{"uv":[7.875,7.6875,7.5625,7.3125],"rotation":90,"texture":"#0","tintindex":0},"down":{"uv":[7.9375,2.25,7.625,1.875],"rotation":270,"texture":"#0","tintindex":0}}},{"from":[6.3913713,5.042757,2.0579743],"to":[9.777086,6.185614,4.9151177],"rotation":{"angle":-45.0,"axis":"x","origin":[8.0842285,8.234465,3.3485274]},"faces":{"east":{"uv":[7.9375,8.875,8.25,9.0],"rotation":0,"texture":"#0","tintindex":0},"south":{"uv":[5.125,3.5,5.5,3.625],"rotation":0,"texture":"#0","tintindex":0},"north":{"uv":[8.5,6.625,8.875,6.75],"rotation":0,"texture":"#0","tintindex":0},"west":{"uv":[8.6875,8.875,9.0,9.0],"rotation":0,"texture":"#0","tintindex":0},"up":{"uv":[7.9375,2.25,7.625,1.875],"rotation":90,"texture":"#0","tintindex":0},"down":{"uv":[2.8125,7.625,2.5,8.0],"rotation":270,"texture":"#0","tintindex":0}}},{"from":[7.219943,6.581043,2.1187387],"to":[8.934229,8.295329,5.5473104],"rotation":{"angle":-22.5,"axis":"x","origin":[8.0842285,8.234465,3.3485274]},"faces":{"east":{"uv":[8.0,2.0,8.375,2.1875],"rotation":0,"texture":"#0","tintindex":0},"south":{"uv":[1.25,8.9375,1.0625,9.125],"rotation":0,"texture":"#0","tintindex":0},"north":{"uv":[1.0625,8.9375,1.25,9.125],"rotation":0,"texture":"#0","tintindex":0},"west":{"uv":[8.0,2.0,8.375,2.1875],"rotation":0,"texture":"#0","tintindex":0},"up":{"uv":[8.375,4.5,8.0,4.3125],"rotation":90,"texture":"#0","tintindex":0},"down":{"uv":[8.375,4.5,8.0,4.3125],"rotation":270,"texture":"#0","tintindex":0}}},{"from":[7.2342286,6.299716,0.11131573],"to":[8.377086,8.014002,3.5398874],"rotation":{"angle":22.5,"axis":"x","origin":[8.0842285,8.234465,3.3485274]},"faces":{"east":{"uv":[8.0,4.8125,8.375,5.0],"rotation":0,"texture":"#0","tintindex":0},"south":{"uv":[6.8125,9.0,6.6875,9.1875],"rotation":0,"texture":"#0","tintindex":0},"north":{"uv":[6.6875,9.0,6.8125,9.1875],"rotation":0,"texture":"#0","tintindex":0},"west":{"uv":[8.0,4.8125,8.375,5.0],"rotation":0,"texture":"#0","tintindex":0},"up":{"uv":[8.875,6.9375,8.5,6.8125],"rotation":90,"texture":"#0","tintindex":0},"down":{"uv":[8.875,6.9375,8.5,6.8125],"rotation":270,"texture":"#0","tintindex":0}}},{"from":[7.248514,9.426802,0.34651136],"to":[7.819943,12.855373,1.4893689],"rotation":{"angle":-22.5,"axis":"x","origin":[8.0842285,8.234465,3.3485274]},"faces":{"east":{"uv":[7.9375,8.4375,8.0625,8.8125],"rotation":0,"texture":"#0","tintindex":0},"south":{"uv":[0.4375,5.5625,0.5,5.9375],"rotation":0,"texture":"#0","tintindex":0},"north":{"uv":[0.4375,5.5625,0.5,5.9375],"rotation":0,"texture":"#0","tintindex":0},"west":{"uv":[7.9375,8.4375,8.0625,8.8125],"rotation":0,"texture":"#0","tintindex":0},"up":{"uv":[2.125,5.75,2.0,5.6875],"rotation":90,"texture":"#0","tintindex":0},"down":{"uv":[2.125,5.75,2.0,5.6875],"rotation":270,"texture":"#0","tintindex":0}}},{"from":[9.777086,6.185614,2.0579743],"to":[9.777086,7.8999,4.9151177],"rotation":{"angle":-45.0,"axis":"x","origin":[8.0842285,8.234465,3.3485274]},"faces":{"east":{"uv":[1.3125,8.4375,1.625,8.625],"rotation":0,"texture":"#0","tintindex":0},"south":{"uv":[2.4375,7.8125,2.4375,8.0],"rotation":0,"texture":"#0","tintindex":0},"north":{"uv":[6.3125,7.8125,6.3125,8.0],"rotation":0,"texture":"#0","tintindex":0},"west":{"uv":[1.625,8.4375,1.3125,8.625],"rotation":0,"texture":"#0","tintindex":0},"up":{"uv":[7.125,1.0,6.8125,1.0],"rotation":90,"texture":"#0","tintindex":0},"down":{"uv":[2.0,8.1875,1.6875,8.1875],"rotation":270,"texture":"#0","tintindex":0}}},{"from":[9.7628,6.1462984,2.6940446],"to":[9.7628,7.8605843,5.5511875],"rotation":{"angle":0.0,"axis":"y","origin":[8.0842285,8.234465,3.3485274]},"faces":{"east":{"uv":[8.4375,2.5625,8.75,2.75],"rotation":0,"texture":"#0","tintindex":0},"south":{"uv":[7.75,8.1875,7.75,8.375],"rotation":0,"texture":"#0","tintindex":0},"north":{"uv":[7.8125,8.1875,7.8125,8.375],"rotation":0,"texture":"#0","tintindex":0},"west":{"uv":[8.75,2.5625,8.4375,2.75],"rotation":0,"texture":"#0","tintindex":0},"up":{"uv":[9.5,0.5,9.1875,0.5],"rotation":90,"texture":"#0","tintindex":0},"down":{"uv":[9.5,2.5625,9.1875,2.5625],"rotation":270,"texture":"#0","tintindex":0}}},{"from":[6.4062285,6.1462984,2.6940446],"to":[6.4062285,7.8605843,5.5511875],"rotation":{"angle":0.0,"axis":"y","origin":[8.0842285,8.234465,3.3485274]},"faces":{"east":{"uv":[8.4375,2.5625,8.75,2.75],"rotation":0,"texture":"#0","tintindex":0},"south":{"uv":[3.4375,8.625,3.4375,8.8125],"rotation":0,"texture":"#0","tintindex":0},"north":{"uv":[3.5,8.625,3.5,8.8125],"rotation":0,"texture":"#0","tintindex":0},"west":{"uv":[8.75,2.5625,8.4375,2.75],"rotation":0,"texture":"#0","tintindex":0},"up":{"uv":[9.5,3.8125,9.1875,3.8125],"rotation":90,"texture":"#0","tintindex":0},"down":{"uv":[9.5,4.6875,9.1875,4.6875],"rotation":270,"texture":"#0","tintindex":0}}},{"from":[6.3913713,6.185614,2.0579743],"to":[6.3913713,7.8999,4.9151177],"rotation":{"angle":-45.0,"axis":"x","origin":[8.0842285,8.234465,3.3485274]},"faces":{"east":{"uv":[1.3125,8.4375,1.625,8.625],"rotation":0,"texture":"#0","tintindex":0},"south":{"uv":[1.3125,8.1875,1.3125,8.375],"rotation":0,"texture":"#0","tintindex":0},"north":{"uv":[1.375,8.1875,1.375,8.375],"rotation":0,"texture":"#0","tintindex":0},"west":{"uv":[1.625,8.4375,1.3125,8.625],"rotation":0,"texture":"#0","tintindex":0},"up":{"uv":[8.75,3.0625,8.4375,3.0625],"rotation":90,"texture":"#0","tintindex":0},"down":{"uv":[9.5,0.125,9.1875,0.125],"rotation":270,"texture":"#0","tintindex":0}}}],"display":{"head":{"translation":[0.0,-6.4,0.0],"scale":[4.0,4.0,4.0]}}}