{"textures":{"0":"modelengine:entity/nightharrow_wendigo_ghost_texture"},"elements":[{"from":[9.7,4.3102245,7.930674],"to":[9.7,8.310225,11.930675],"rotation":{"angle":-45.0,"axis":"x","origin":[8.0,6.8816533,8.787817]},"faces":{"east":{"uv":[7.0625,3.4375,6.625,3.875],"rotation":0,"texture":"#0","tintindex":0},"south":{"uv":[3.9375,0.0,3.9375,0.4375],"rotation":0,"texture":"#0","tintindex":0},"north":{"uv":[3.25,0.875,3.25,1.3125],"rotation":0,"texture":"#0","tintindex":0},"west":{"uv":[6.625,3.4375,7.0625,3.875],"rotation":0,"texture":"#0","tintindex":0},"up":{"uv":[1.4375,5.75,1.4375,5.3125],"rotation":0,"texture":"#0","tintindex":0},"down":{"uv":[1.9375,5.875,1.9375,6.3125],"rotation":0,"texture":"#0","tintindex":0}}},{"from":[6.3,4.3102245,7.930674],"to":[6.3,8.310225,11.930675],"rotation":{"angle":-45.0,"axis":"x","origin":[8.0,6.8816533,8.787817]},"faces":{"east":{"uv":[7.0625,3.4375,6.625,3.875],"rotation":0,"texture":"#0","tintindex":0},"south":{"uv":[6.375,6.5625,6.375,7.0],"rotation":0,"texture":"#0","tintindex":0},"north":{"uv":[4.375,6.0,4.375,6.4375],"rotation":0,"texture":"#0","tintindex":0},"west":{"uv":[6.625,3.4375,7.0625,3.875],"rotation":0,"texture":"#0","tintindex":0},"up":{"uv":[6.375,7.5,6.375,7.0625],"rotation":0,"texture":"#0","tintindex":0},"down":{"uv":[4.3125,7.1875,4.3125,7.625],"rotation":0,"texture":"#0","tintindex":0}}},{"from":[8.571428,4.3102245,7.930674],"to":[8.571428,8.310225,11.930675],"rotation":{"angle":-45.0,"axis":"x","origin":[8.0,6.8816533,8.787817]},"faces":{"east":{"uv":[7.0625,3.4375,6.625,3.875],"rotation":0,"texture":"#0","tintindex":0},"south":{"uv":[5.5625,9.125,5.5625,9.5625],"rotation":0,"texture":"#0","tintindex":0},"north":{"uv":[2.1875,8.9375,2.1875,9.375],"rotation":0,"texture":"#0","tintindex":0},"west":{"uv":[6.625,3.4375,7.0625,3.875],"rotation":0,"texture":"#0","tintindex":0},"up":{"uv":[6.1875,9.5625,6.1875,9.125],"rotation":0,"texture":"#0","tintindex":0},"down":{"uv":[6.25,9.125,6.25,9.5625],"rotation":0,"texture":"#0","tintindex":0}}},{"from":[7.428571,4.3102245,7.930674],"to":[7.428571,8.310225,11.930675],"rotation":{"angle":-45.0,"axis":"x","origin":[8.0,6.8816533,8.787817]},"faces":{"east":{"uv":[7.0625,3.4375,6.625,3.875],"rotation":0,"texture":"#0","tintindex":0},"south":{"uv":[1.5625,9.1875,1.5625,9.625],"rotation":0,"texture":"#0","tintindex":0},"north":{"uv":[1.5,9.1875,1.5,9.625],"rotation":0,"texture":"#0","tintindex":0},"west":{"uv":[6.625,3.4375,7.0625,3.875],"rotation":0,"texture":"#0","tintindex":0},"up":{"uv":[1.625,9.625,1.625,9.1875],"rotation":0,"texture":"#0","tintindex":0},"down":{"uv":[9.1875,1.625,9.1875,2.0625],"rotation":0,"texture":"#0","tintindex":0}}}],"display":{"head":{"translation":[0.0,-6.4,0.0],"scale":[4.0,4.0,4.0]}}}