{"textures":{"0":"modelengine:entity/nightharrow_wendigo_ghost_texture"},"elements":[{"from":[6.285714,6.5714283,3.6819615],"to":[9.714286,8.285714,8.82482],"rotation":{"angle":0.0,"axis":"y","origin":[7.714286,8.285714,6.681962]},"faces":{"east":{"uv":[8.3125,0.0,7.75,0.1875],"rotation":0,"texture":"#0","tintindex":0},"south":{"uv":[8.3125,7.3125,7.9375,7.5],"rotation":0,"texture":"#0","tintindex":0},"north":{"uv":[8.3125,5.0625,7.9375,5.25],"rotation":0,"texture":"#0","tintindex":0},"west":{"uv":[8.25,7.0625,7.6875,7.25],"rotation":0,"texture":"#0","tintindex":0},"up":{"uv":[6.4375,3.375,6.8125,2.8125],"rotation":0,"texture":"#0","tintindex":0},"down":{"uv":[6.4375,5.75,6.8125,6.3125],"rotation":0,"texture":"#0","tintindex":0}}},{"from":[10.142858,6.5714283,-0.88946724],"to":[10.142858,9.428572,4.8248186],"rotation":{"angle":-22.5,"axis":"y","origin":[9.714286,7.714286,2.539105]},"faces":{"east":{"uv":[7.125,4.3125,6.5,4.625],"rotation":0,"texture":"#0","tintindex":0},"south":{"uv":[7.5,8.3125,7.5,8.625],"rotation":0,"texture":"#0","tintindex":0},"north":{"uv":[5.6875,7.5625,5.6875,7.875],"rotation":0,"texture":"#0","tintindex":0},"west":{"uv":[6.5,4.3125,7.125,4.625],"rotation":0,"texture":"#0","tintindex":0},"up":{"uv":[6.3125,9.8125,6.3125,9.1875],"rotation":0,"texture":"#0","tintindex":0},"down":{"uv":[6.375,9.1875,6.375,9.8125],"rotation":0,"texture":"#0","tintindex":0}}},{"from":[5.8571424,6.5714283,-0.88946724],"to":[5.8571424,9.428572,4.8248186],"rotation":{"angle":22.5,"axis":"y","origin":[6.285714,7.714286,2.539105]},"faces":{"east":{"uv":[7.125,4.3125,6.5,4.625],"rotation":0,"texture":"#0","tintindex":0},"south":{"uv":[9.1875,2.125,9.1875,2.4375],"rotation":0,"texture":"#0","tintindex":0},"north":{"uv":[5.875,8.375,5.875,8.6875],"rotation":0,"texture":"#0","tintindex":0},"west":{"uv":[6.5,4.3125,7.125,4.625],"rotation":0,"texture":"#0","tintindex":0},"up":{"uv":[6.4375,9.8125,6.4375,9.1875],"rotation":0,"texture":"#0","tintindex":0},"down":{"uv":[6.5,9.1875,6.5,9.8125],"rotation":0,"texture":"#0","tintindex":0}}},{"from":[8.0,6.5714283,-0.88946724],"to":[8.0,9.428572,4.8248186],"rotation":{"angle":0.0,"axis":"y","origin":[9.714286,7.714286,2.539105]},"faces":{"east":{"uv":[7.125,4.3125,6.5,4.625],"rotation":0,"texture":"#0","tintindex":0},"south":{"uv":[7.0625,9.1875,7.0625,9.5],"rotation":0,"texture":"#0","tintindex":0},"north":{"uv":[9.1875,6.625,9.1875,6.9375],"rotation":0,"texture":"#0","tintindex":0},"west":{"uv":[6.5,4.3125,7.125,4.625],"rotation":0,"texture":"#0","tintindex":0},"up":{"uv":[7.125,9.8125,7.125,9.1875],"rotation":0,"texture":"#0","tintindex":0},"down":{"uv":[7.1875,9.1875,7.1875,9.8125],"rotation":0,"texture":"#0","tintindex":0}}}],"display":{"head":{"translation":[0.0,-6.4,0.0],"scale":[4.0,4.0,4.0]}}}