{"textures":{"0":"modelengine:entity/specter_texture"},"elements":[{"from":[5.142857,1.4241743,7.2339277],"to":[10.857143,7.1384606,7.2339277],"rotation":{"angle":-22.5,"axis":"x","origin":[7.714286,12.13846,4.805356]},"faces":{"east":{"uv":[5.75,7.75,5.75,9.0],"rotation":0,"texture":"#0","tintindex":0},"south":{"uv":[1.375,0.0,2.5,1.25],"rotation":0,"texture":"#0","tintindex":0},"north":{"uv":[2.5,0.0,1.375,1.25],"rotation":0,"texture":"#0","tintindex":0},"west":{"uv":[5.875,7.75,5.875,9.0],"rotation":0,"texture":"#0","tintindex":0},"up":{"uv":[2.5,7.875,1.25,7.875],"rotation":0,"texture":"#0","tintindex":0},"down":{"uv":[9.125,1.5,7.875,1.5],"rotation":0,"texture":"#0","tintindex":0}}},{"from":[5.428571,1.4241743,4.9482136],"to":[10.571428,7.1384606,4.9482136],"rotation":{"angle":-22.5,"axis":"x","origin":[7.714286,12.13846,4.805356]},"faces":{"east":{"uv":[6.0,7.75,6.0,9.0],"rotation":0,"texture":"#0","tintindex":0},"south":{"uv":[2.5,0.0,1.375,1.25],"rotation":0,"texture":"#0","tintindex":0},"north":{"uv":[1.375,0.0,2.5,1.25],"rotation":0,"texture":"#0","tintindex":0},"west":{"uv":[2.625,7.875,2.625,9.125],"rotation":0,"texture":"#0","tintindex":0},"up":{"uv":[9.125,1.625,7.875,1.625],"rotation":0,"texture":"#0","tintindex":0},"down":{"uv":[9.125,2.5,7.875,2.5],"rotation":0,"texture":"#0","tintindex":0}}},{"from":[10.842857,1.4241743,4.9482136],"to":[10.842857,7.1384606,7.2339277],"rotation":{"angle":-22.5,"axis":"x","origin":[7.714286,12.13846,4.805356]},"faces":{"east":{"uv":[1.125,4.875,1.625,6.125],"rotation":0,"texture":"#0","tintindex":0},"south":{"uv":[2.875,7.875,2.875,9.125],"rotation":0,"texture":"#0","tintindex":0},"north":{"uv":[2.75,7.875,2.75,9.125],"rotation":0,"texture":"#0","tintindex":0},"west":{"uv":[1.75,4.875,2.25,6.125],"rotation":0,"texture":"#0","tintindex":0},"up":{"uv":[3.5,4.875,3.5,4.375],"rotation":0,"texture":"#0","tintindex":0},"down":{"uv":[3.375,5.25,3.375,5.75],"rotation":0,"texture":"#0","tintindex":0}}},{"from":[5.1571426,1.4241743,4.9482136],"to":[5.1571426,7.1384606,7.2339277],"rotation":{"angle":-22.5,"axis":"x","origin":[8.285714,12.13846,4.805356]},"faces":{"east":{"uv":[3.5,5.0,4.0,6.25],"rotation":0,"texture":"#0","tintindex":0},"south":{"uv":[3.125,7.875,3.125,9.125],"rotation":0,"texture":"#0","tintindex":0},"north":{"uv":[3.0,7.875,3.0,9.125],"rotation":0,"texture":"#0","tintindex":0},"west":{"uv":[5.25,0.0,5.75,1.25],"rotation":0,"texture":"#0","tintindex":0},"up":{"uv":[1.0,5.875,1.0,5.375],"rotation":0,"texture":"#0","tintindex":0},"down":{"uv":[6.0,3.125,6.0,3.625],"rotation":0,"texture":"#0","tintindex":0}}}],"display":{"head":{"translation":[0.0,-6.4,0.0],"scale":[4.0,4.0,4.0]}}}