{"textures":{"0":"modelengine:entity/specter_texture"},"elements":[{"from":[5.692857,7.0,3.5714283],"to":[10.307143,8.142858,8.142858],"rotation":{"angle":0.0,"axis":"y","origin":[7.6928573,9.428572,7.857143]},"faces":{"east":{"uv":[6.375,5.25,7.375,5.5],"rotation":0,"texture":"#0","tintindex":0},"south":{"uv":[6.375,5.625,7.375,5.875],"rotation":0,"texture":"#0","tintindex":0},"north":{"uv":[6.0,4.875,7.0,5.125],"rotation":0,"texture":"#0","tintindex":0},"west":{"uv":[6.375,6.0,7.375,6.25],"rotation":0,"texture":"#0","tintindex":0},"up":{"uv":[3.75,3.125,2.75,2.125],"rotation":0,"texture":"#0","tintindex":0},"down":{"uv":[3.5,3.25,2.5,4.25],"rotation":0,"texture":"#0","tintindex":0}}},{"from":[5.714286,8.142858,3.5714283],"to":[10.285714,9.285714,3.5714283],"rotation":{"angle":0.0,"axis":"y","origin":[7.714286,9.428572,7.857143]},"faces":{"east":{"uv":[2.375,3.875,2.375,4.125],"rotation":0,"texture":"#0","tintindex":0},"south":{"uv":[7.375,6.375,6.375,6.625],"rotation":0,"texture":"#0","tintindex":0},"north":{"uv":[6.375,6.375,7.375,6.625],"rotation":0,"texture":"#0","tintindex":0},"west":{"uv":[1.125,4.5,1.125,4.75],"rotation":0,"texture":"#0","tintindex":0},"up":{"uv":[9.125,5.875,8.125,5.875],"rotation":0,"texture":"#0","tintindex":0},"down":{"uv":[9.125,6.0,8.125,6.0],"rotation":0,"texture":"#0","tintindex":0}}},{"from":[5.692857,8.142858,3.5714283],"to":[5.692857,9.285714,6.428571],"rotation":{"angle":0.0,"axis":"y","origin":[7.6928573,9.428572,7.857143]},"faces":{"east":{"uv":[8.375,1.75,7.75,2.0],"rotation":0,"texture":"#0","tintindex":0},"south":{"uv":[5.875,1.0,5.875,1.25],"rotation":0,"texture":"#0","tintindex":0},"north":{"uv":[1.25,4.5,1.25,4.75],"rotation":0,"texture":"#0","tintindex":0},"west":{"uv":[7.75,1.75,8.375,2.0],"rotation":0,"texture":"#0","tintindex":0},"up":{"uv":[5.625,8.75,5.625,8.125],"rotation":0,"texture":"#0","tintindex":0},"down":{"uv":[8.125,6.125,8.125,6.75],"rotation":0,"texture":"#0","tintindex":0}}},{"from":[10.306572,8.142858,3.5714283],"to":[10.306572,9.285714,6.428571],"rotation":{"angle":0.0,"axis":"y","origin":[8.306571,9.428572,7.857143]},"faces":{"east":{"uv":[8.375,1.75,7.75,2.0],"rotation":0,"texture":"#0","tintindex":0},"south":{"uv":[5.875,1.0,5.875,1.25],"rotation":0,"texture":"#0","tintindex":0},"north":{"uv":[1.25,4.5,1.25,4.75],"rotation":0,"texture":"#0","tintindex":0},"west":{"uv":[7.75,1.75,8.375,2.0],"rotation":0,"texture":"#0","tintindex":0},"up":{"uv":[5.625,8.75,5.625,8.125],"rotation":0,"texture":"#0","tintindex":0},"down":{"uv":[8.125,6.125,8.125,6.75],"rotation":0,"texture":"#0","tintindex":0}}}],"display":{"head":{"translation":[0.0,-6.4,0.0],"scale":[4.0,4.0,4.0]}}}