{"textures":{"0":"modelengine:entity/specter_texture"},"elements":[{"from":[6.489873,5.909362,7.15],"to":[8.204159,8.195076,7.15],"rotation":{"angle":-22.5,"axis":"z","origin":[7.489873,6.909362,7.135714]},"faces":{"east":{"uv":[6.125,3.125,6.125,3.625],"rotation":0,"texture":"#0","tintindex":0},"south":{"uv":[6.125,6.75,6.5,7.25],"rotation":0,"texture":"#0","tintindex":0},"north":{"uv":[6.75,1.875,7.125,2.375],"rotation":0,"texture":"#0","tintindex":0},"west":{"uv":[6.25,3.0,6.25,3.5],"rotation":0,"texture":"#0","tintindex":0},"up":{"uv":[4.25,3.125,3.875,3.125],"rotation":0,"texture":"#0","tintindex":0},"down":{"uv":[4.5,0.875,4.125,0.875],"rotation":0,"texture":"#0","tintindex":0}}},{"from":[6.434308,3.9595509,7.135714],"to":[8.148594,6.2452655,7.135714],"rotation":{"angle":22.5,"axis":"z","origin":[7.1485934,5.5309796,7.992857]},"faces":{"east":{"uv":[7.875,2.625,7.875,3.125],"rotation":0,"texture":"#0","tintindex":0},"south":{"uv":[6.875,2.5,7.25,3.0],"rotation":0,"texture":"#0","tintindex":0},"north":{"uv":[6.625,6.75,7.0,7.25],"rotation":0,"texture":"#0","tintindex":0},"west":{"uv":[3.25,7.875,3.25,8.375],"rotation":0,"texture":"#0","tintindex":0},"up":{"uv":[4.75,3.125,4.375,3.125],"rotation":0,"texture":"#0","tintindex":0},"down":{"uv":[5.0,0.875,4.625,0.875],"rotation":0,"texture":"#0","tintindex":0}}},{"from":[6.434308,3.9595509,8.85],"to":[8.148594,6.2452655,8.85],"rotation":{"angle":22.5,"axis":"z","origin":[7.1485934,5.5309796,9.707143]},"faces":{"east":{"uv":[3.375,7.875,3.375,8.375],"rotation":0,"texture":"#0","tintindex":0},"south":{"uv":[7.0,3.75,7.375,4.25],"rotation":0,"texture":"#0","tintindex":0},"north":{"uv":[6.875,3.125,7.25,3.625],"rotation":0,"texture":"#0","tintindex":0},"west":{"uv":[4.0,7.875,4.0,8.375],"rotation":0,"texture":"#0","tintindex":0},"up":{"uv":[5.375,3.875,5.0,3.875],"rotation":0,"texture":"#0","tintindex":0},"down":{"uv":[6.75,4.75,6.375,4.75],"rotation":0,"texture":"#0","tintindex":0}}},{"from":[6.489873,5.909362,8.864285],"to":[8.204159,8.195076,8.864285],"rotation":{"angle":-22.5,"axis":"z","origin":[7.489873,6.909362,8.85]},"faces":{"east":{"uv":[4.125,7.875,4.125,8.375],"rotation":0,"texture":"#0","tintindex":0},"south":{"uv":[0.5,7.125,0.875,7.625],"rotation":0,"texture":"#0","tintindex":0},"north":{"uv":[0.0,7.125,0.375,7.625],"rotation":0,"texture":"#0","tintindex":0},"west":{"uv":[4.25,7.875,4.25,8.375],"rotation":0,"texture":"#0","tintindex":0},"up":{"uv":[8.25,3.25,7.875,3.25],"rotation":0,"texture":"#0","tintindex":0},"down":{"uv":[8.25,3.375,7.875,3.375],"rotation":0,"texture":"#0","tintindex":0}}},{"from":[6.434308,3.9595509,7.992857],"to":[8.148594,6.2452655,7.992857],"rotation":{"angle":22.5,"axis":"z","origin":[7.1485934,5.5309796,8.85]},"faces":{"east":{"uv":[4.375,7.875,4.375,8.375],"rotation":0,"texture":"#0","tintindex":0},"south":{"uv":[7.125,4.375,7.5,4.875],"rotation":0,"texture":"#0","tintindex":0},"north":{"uv":[3.5,7.125,3.875,7.625],"rotation":0,"texture":"#0","tintindex":0},"west":{"uv":[4.5,7.875,4.5,8.375],"rotation":0,"texture":"#0","tintindex":0},"up":{"uv":[8.25,3.5,7.875,3.5],"rotation":0,"texture":"#0","tintindex":0},"down":{"uv":[8.25,3.625,7.875,3.625],"rotation":0,"texture":"#0","tintindex":0}}},{"from":[6.489873,5.909362,8.007143],"to":[8.204159,8.195076,8.007143],"rotation":{"angle":-22.5,"axis":"z","origin":[7.489873,6.909362,7.992857]},"faces":{"east":{"uv":[4.625,7.875,4.625,8.375],"rotation":0,"texture":"#0","tintindex":0},"south":{"uv":[5.625,7.125,6.0,7.625],"rotation":0,"texture":"#0","tintindex":0},"north":{"uv":[5.125,7.125,5.5,7.625],"rotation":0,"texture":"#0","tintindex":0},"west":{"uv":[4.75,7.875,4.75,8.375],"rotation":0,"texture":"#0","tintindex":0},"up":{"uv":[8.0,7.875,7.625,7.875],"rotation":0,"texture":"#0","tintindex":0},"down":{"uv":[1.625,8.0,1.25,8.0],"rotation":0,"texture":"#0","tintindex":0}}}],"display":{"head":{"translation":[0.0,-6.4,0.0],"scale":[4.0,4.0,4.0]}}}