{"textures":{"1":"modelengine:entity/portal_round"},"elements":[{"from":[-4.000001,-3.6608753,3.4285712],"to":[20.0,-0.23230267,12.571428],"rotation":{"angle":0.0,"axis":"y","origin":[8.0,0.89626837,8.0]},"faces":{"east":{"uv":[12.125,7.375,14.125,8.125],"rotation":0,"texture":"#1","tintindex":0},"south":{"uv":[6.125,0.875,11.375,1.625],"rotation":0,"texture":"#1","tintindex":0},"north":{"uv":[6.125,0.0,11.375,0.75],"rotation":0,"texture":"#1","tintindex":0},"west":{"uv":[9.0,12.125,11.0,12.875],"rotation":0,"texture":"#1","tintindex":0},"up":{"uv":[5.25,7.75,0.0,5.75],"rotation":0,"texture":"#1","tintindex":0},"down":{"uv":[10.625,5.75,5.375,7.75],"rotation":0,"texture":"#1","tintindex":0}}},{"from":[6.4530816,9.862255,6.285714],"to":[16.738796,13.290827,9.714286],"rotation":{"angle":45.0,"axis":"z","origin":[-0.9754896,-0.9948883,8.285714]},"faces":{"east":{"uv":[8.625,13.0,9.375,13.75],"rotation":0,"texture":"#1","tintindex":0},"south":{"uv":[10.75,5.625,13.0,6.375],"rotation":0,"texture":"#1","tintindex":0},"north":{"uv":[10.75,5.625,13.0,6.375],"rotation":0,"texture":"#1","tintindex":0},"west":{"uv":[8.625,13.0,9.375,13.75],"rotation":0,"texture":"#1","tintindex":0},"up":{"uv":[13.125,10.25,10.875,9.5],"rotation":0,"texture":"#1","tintindex":0},"down":{"uv":[13.125,10.25,10.875,9.5],"rotation":0,"texture":"#1","tintindex":0}}},{"from":[-6.395651,4.0737166,5.714286],"to":[-1.2527943,14.359431,10.285714],"rotation":{"angle":0.0,"axis":"y","origin":[-0.681365,-0.49771214,8.285714]},"faces":{"east":{"uv":[7.5,9.5,8.5,11.75],"rotation":0,"texture":"#1","tintindex":0},"south":{"uv":[0.0,9.0,1.125,11.25],"rotation":0,"texture":"#1","tintindex":0},"north":{"uv":[0.0,9.0,1.125,11.25],"rotation":0,"texture":"#1","tintindex":0},"west":{"uv":[7.5,9.5,8.5,11.75],"rotation":0,"texture":"#1","tintindex":0},"up":{"uv":[12.25,13.125,11.125,12.125],"rotation":0,"texture":"#1","tintindex":0},"down":{"uv":[12.25,13.125,11.125,12.125],"rotation":0,"texture":"#1","tintindex":0}}},{"from":[-5.714287,-0.23230267,6.285714],"to":[4.0,3.1962686,9.714286],"rotation":{"angle":-45.0,"axis":"z","origin":[-0.57142925,2.0534115,8.285714]},"faces":{"east":{"uv":[12.875,2.625,13.625,3.375],"rotation":0,"texture":"#1","tintindex":0},"south":{"uv":[11.5,0.0,13.625,0.75],"rotation":0,"texture":"#1","tintindex":0},"north":{"uv":[11.5,0.0,13.625,0.75],"rotation":0,"texture":"#1","tintindex":0},"west":{"uv":[12.875,2.625,13.625,3.375],"rotation":0,"texture":"#1","tintindex":0},"up":{"uv":[13.875,4.25,11.75,3.5],"rotation":0,"texture":"#1","tintindex":0},"down":{"uv":[13.875,4.25,11.75,3.5],"rotation":0,"texture":"#1","tintindex":0}}},{"from":[12.0,-0.23230267,6.285714],"to":[21.714287,3.1962686,9.714286],"rotation":{"angle":45.0,"axis":"z","origin":[16.57143,2.0534115,8.285714]},"faces":{"east":{"uv":[13.625,2.625,12.875,3.375],"rotation":0,"texture":"#1","tintindex":0},"south":{"uv":[13.625,0.0,11.5,0.75],"rotation":0,"texture":"#1","tintindex":0},"north":{"uv":[13.625,0.0,11.5,0.75],"rotation":0,"texture":"#1","tintindex":0},"west":{"uv":[13.625,2.625,12.875,3.375],"rotation":0,"texture":"#1","tintindex":0},"up":{"uv":[11.75,4.25,13.875,3.5],"rotation":0,"texture":"#1","tintindex":0},"down":{"uv":[11.75,4.25,13.875,3.5],"rotation":0,"texture":"#1","tintindex":0}}},{"from":[-0.73879623,9.862255,6.285714],"to":[9.546918,13.290827,9.714286],"rotation":{"angle":-45.0,"axis":"z","origin":[16.97549,-0.9948883,8.285714]},"faces":{"east":{"uv":[9.375,13.0,8.625,13.75],"rotation":0,"texture":"#1","tintindex":0},"south":{"uv":[13.0,5.625,10.75,6.375],"rotation":0,"texture":"#1","tintindex":0},"north":{"uv":[13.0,5.625,10.75,6.375],"rotation":0,"texture":"#1","tintindex":0},"west":{"uv":[9.375,13.0,8.625,13.75],"rotation":0,"texture":"#1","tintindex":0},"up":{"uv":[10.875,10.25,13.125,9.5],"rotation":0,"texture":"#1","tintindex":0},"down":{"uv":[10.875,10.25,13.125,9.5],"rotation":0,"texture":"#1","tintindex":0}}},{"from":[17.252794,4.0737166,5.714286],"to":[22.39565,14.359431,10.285714],"rotation":{"angle":0.0,"axis":"y","origin":[16.681366,-0.49771214,8.285714]},"faces":{"east":{"uv":[8.5,9.5,7.5,11.75],"rotation":0,"texture":"#1","tintindex":0},"south":{"uv":[1.125,9.0,0.0,11.25],"rotation":0,"texture":"#1","tintindex":0},"north":{"uv":[1.125,9.0,0.0,11.25],"rotation":0,"texture":"#1","tintindex":0},"west":{"uv":[8.5,9.5,7.5,11.75],"rotation":0,"texture":"#1","tintindex":0},"up":{"uv":[11.125,13.125,12.25,12.125],"rotation":0,"texture":"#1","tintindex":0},"down":{"uv":[11.125,13.125,12.25,12.125],"rotation":0,"texture":"#1","tintindex":0}}},{"from":[0.85714245,18.775387,5.714286],"to":[15.142858,23.346815,10.285714],"rotation":{"angle":0.0,"axis":"y","origin":[-4.8571434,-1.2246141,8.285714]},"faces":{"east":{"uv":[3.75,12.25,4.75,13.25],"rotation":0,"texture":"#1","tintindex":0},"south":{"uv":[6.125,4.0,9.25,5.0],"rotation":0,"texture":"#1","tintindex":0},"north":{"uv":[6.125,4.0,9.25,5.0],"rotation":0,"texture":"#1","tintindex":0},"west":{"uv":[4.875,12.25,5.875,13.25],"rotation":0,"texture":"#1","tintindex":0},"up":{"uv":[6.375,8.875,3.25,7.875],"rotation":0,"texture":"#1","tintindex":0},"down":{"uv":[6.375,8.875,3.25,7.875],"rotation":0,"texture":"#1","tintindex":0}}},{"from":[-5.714287,-3.6751604,1.7142854],"to":[21.714287,-1.9608746,14.285715],"rotation":{"angle":0.0,"axis":"y","origin":[8.0,0.89626837,8.0]},"faces":{"east":{"uv":[11.75,4.375,14.5,4.75],"rotation":0,"texture":"#1","tintindex":0},"south":{"uv":[7.5,9.0,13.5,9.375],"rotation":0,"texture":"#1","tintindex":0},"north":{"uv":[6.125,5.125,12.125,5.5],"rotation":0,"texture":"#1","tintindex":0},"west":{"uv":[12.125,8.25,14.875,8.625],"rotation":0,"texture":"#1","tintindex":0},"up":{"uv":[6.0,2.75,0.0,0.0],"rotation":0,"texture":"#1","tintindex":0},"down":{"uv":[6.0,2.875,0.0,5.625],"rotation":0,"texture":"#1","tintindex":0}}}],"display":{"head":{"translation":[0.0,-6.4,0.0],"scale":[4.0,4.0,4.0]}}}