{"textures":{"0":"modelengine:entity/nightharrow_wendigo_texture"},"elements":[{"from":[2.8519154,6.763511,8.50766],"to":[13.13763,13.620654,8.50766],"rotation":{"angle":-45.0,"axis":"x","origin":[7.9947724,10.763512,5.936231]},"faces":{"east":{"uv":[3.8125,9.1875,3.8125,9.9375],"rotation":0,"texture":"#0","tintindex":0},"south":{"uv":[0.0,0.8125,1.125,1.5625],"rotation":0,"texture":"#0","tintindex":0},"north":{"uv":[1.125,0.8125,0.0,1.5625],"rotation":0,"texture":"#0","tintindex":0},"west":{"uv":[3.875,9.1875,3.875,9.9375],"rotation":0,"texture":"#0","tintindex":0},"up":{"uv":[10.0625,4.9375,8.9375,4.9375],"rotation":0,"texture":"#0","tintindex":0},"down":{"uv":[10.0625,7.125,8.9375,7.125],"rotation":0,"texture":"#0","tintindex":0}}},{"from":[13.13763,7.33494,3.9362311],"to":[13.13763,14.192083,8.50766],"rotation":{"angle":-45.0,"axis":"x","origin":[7.9947724,10.763512,5.936231]},"faces":{"east":{"uv":[4.0625,4.3125,4.5625,5.0625],"rotation":0,"texture":"#0","tintindex":0},"south":{"uv":[4.0,9.1875,4.0,9.9375],"rotation":0,"texture":"#0","tintindex":0},"north":{"uv":[3.9375,9.1875,3.9375,9.9375],"rotation":0,"texture":"#0","tintindex":0},"west":{"uv":[4.5625,4.3125,4.0625,5.0625],"rotation":0,"texture":"#0","tintindex":0},"up":{"uv":[9.1875,3.75,9.1875,3.25],"rotation":0,"texture":"#0","tintindex":0},"down":{"uv":[4.0625,9.1875,4.0625,9.6875],"rotation":0,"texture":"#0","tintindex":0}}},{"from":[2.8519154,7.33494,3.9362311],"to":[2.8519154,14.192083,8.50766],"rotation":{"angle":-45.0,"axis":"x","origin":[7.9947724,10.763512,5.936231]},"faces":{"east":{"uv":[4.0625,4.3125,4.5625,5.0625],"rotation":0,"texture":"#0","tintindex":0},"south":{"uv":[4.0,9.1875,4.0,9.9375],"rotation":0,"texture":"#0","tintindex":0},"north":{"uv":[3.9375,9.1875,3.9375,9.9375],"rotation":0,"texture":"#0","tintindex":0},"west":{"uv":[4.5625,4.3125,4.0625,5.0625],"rotation":0,"texture":"#0","tintindex":0},"up":{"uv":[9.1875,3.75,9.1875,3.25],"rotation":0,"texture":"#0","tintindex":0},"down":{"uv":[4.0625,9.1875,4.0625,9.6875],"rotation":0,"texture":"#0","tintindex":0}}},{"from":[13.123344,5.569377,6.9040756],"to":[13.123344,10.140805,13.761219],"rotation":{"angle":22.5,"axis":"x","origin":[13.13763,6.1408052,10.332647]},"faces":{"east":{"uv":[5.1875,0.0,4.4375,0.5],"rotation":0,"texture":"#0","tintindex":0},"south":{"uv":[9.1875,4.125,9.1875,4.625],"rotation":0,"texture":"#0","tintindex":0},"north":{"uv":[4.125,9.1875,4.125,9.6875],"rotation":0,"texture":"#0","tintindex":0},"west":{"uv":[4.4375,0.0,5.1875,0.5],"rotation":0,"texture":"#0","tintindex":0},"up":{"uv":[4.75,9.9375,4.75,9.1875],"rotation":0,"texture":"#0","tintindex":0},"down":{"uv":[4.8125,9.1875,4.8125,9.9375],"rotation":0,"texture":"#0","tintindex":0}}},{"from":[2.866201,5.569377,6.9040756],"to":[2.866201,10.140805,13.761219],"rotation":{"angle":22.5,"axis":"x","origin":[2.851915,6.1408052,10.332647]},"faces":{"east":{"uv":[5.1875,0.0,4.4375,0.5],"rotation":0,"texture":"#0","tintindex":0},"south":{"uv":[9.1875,4.125,9.1875,4.625],"rotation":0,"texture":"#0","tintindex":0},"north":{"uv":[4.125,9.1875,4.125,9.6875],"rotation":0,"texture":"#0","tintindex":0},"west":{"uv":[4.4375,0.0,5.1875,0.5],"rotation":0,"texture":"#0","tintindex":0},"up":{"uv":[4.75,9.9375,4.75,9.1875],"rotation":0,"texture":"#0","tintindex":0},"down":{"uv":[4.8125,9.1875,4.8125,9.9375],"rotation":0,"texture":"#0","tintindex":0}}},{"from":[7.1376295,6.9308786,4.6750274],"to":[8.851915,13.788022,6.960742],"rotation":{"angle":-45.0,"axis":"x","origin":[7.9947724,10.35945,5.5321703]},"faces":{"east":{"uv":[6.0625,6.5625,6.3125,7.3125],"rotation":0,"texture":"#0","tintindex":0},"south":{"uv":[5.75,7.125,5.9375,7.875],"rotation":0,"texture":"#0","tintindex":0},"north":{"uv":[5.75,7.125,5.9375,7.875],"rotation":0,"texture":"#0","tintindex":0},"west":{"uv":[6.875,1.9375,7.125,2.6875],"rotation":0,"texture":"#0","tintindex":0},"up":{"uv":[8.75,0.5,8.5625,0.25],"rotation":0,"texture":"#0","tintindex":0},"down":{"uv":[8.75,0.5,8.5625,0.25],"rotation":0,"texture":"#0","tintindex":0}}},{"from":[9.1376295,10.526818,2.9362311],"to":[12.566202,11.669675,4.079088],"rotation":{"angle":22.5,"axis":"y","origin":[10.851915,11.098247,4.650517]},"faces":{"east":{"uv":[9.0625,8.875,9.1875,9.0],"rotation":0,"texture":"#0","tintindex":0},"south":{"uv":[8.5,7.5625,8.875,7.6875],"rotation":0,"texture":"#0","tintindex":0},"north":{"uv":[8.5,7.5625,8.875,7.6875],"rotation":0,"texture":"#0","tintindex":0},"west":{"uv":[9.0625,8.875,9.1875,9.0],"rotation":0,"texture":"#0","tintindex":0},"up":{"uv":[9.0,1.25,8.625,1.125],"rotation":0,"texture":"#0","tintindex":0},"down":{"uv":[9.0,1.25,8.625,1.125],"rotation":0,"texture":"#0","tintindex":0}}},{"from":[6.9456763,10.541103,1.67874],"to":[10.945677,11.112532,2.821597],"rotation":{"angle":-45.0,"axis":"y","origin":[10.802819,11.098247,4.6787405]},"faces":{"east":{"uv":[7.3125,0.875,7.4375,0.9375],"rotation":0,"texture":"#0","tintindex":0},"south":{"uv":[8.75,5.1875,9.1875,5.25],"rotation":0,"texture":"#0","tintindex":0},"north":{"uv":[2.8125,4.25,3.25,4.3125],"rotation":0,"texture":"#0","tintindex":0},"west":{"uv":[7.3125,5.875,7.4375,5.9375],"rotation":0,"texture":"#0","tintindex":0},"up":{"uv":[8.875,4.375,8.4375,4.25],"rotation":0,"texture":"#0","tintindex":0},"down":{"uv":[8.875,4.4375,8.4375,4.5625],"rotation":0,"texture":"#0","tintindex":0}}},{"from":[9.1376295,9.098247,4.221946],"to":[12.566202,10.241104,5.3648024],"rotation":{"angle":22.5,"axis":"y","origin":[10.851915,9.669675,5.936231]},"faces":{"east":{"uv":[9.0625,8.875,9.1875,9.0],"rotation":0,"texture":"#0","tintindex":0},"south":{"uv":[8.5,7.5625,8.875,7.6875],"rotation":0,"texture":"#0","tintindex":0},"north":{"uv":[8.5,7.5625,8.875,7.6875],"rotation":0,"texture":"#0","tintindex":0},"west":{"uv":[9.0625,8.875,9.1875,9.0],"rotation":0,"texture":"#0","tintindex":0},"up":{"uv":[9.0,1.25,8.625,1.125],"rotation":0,"texture":"#0","tintindex":0},"down":{"uv":[9.0,1.25,8.625,1.125],"rotation":0,"texture":"#0","tintindex":0}}},{"from":[6.9456763,9.112532,2.9644547],"to":[10.945677,9.683961,4.1073117],"rotation":{"angle":-45.0,"axis":"y","origin":[10.802819,9.669675,5.9644547]},"faces":{"east":{"uv":[7.3125,0.875,7.4375,0.9375],"rotation":0,"texture":"#0","tintindex":0},"south":{"uv":[8.75,5.1875,9.1875,5.25],"rotation":0,"texture":"#0","tintindex":0},"north":{"uv":[2.8125,4.25,3.25,4.3125],"rotation":0,"texture":"#0","tintindex":0},"west":{"uv":[7.3125,5.875,7.4375,5.9375],"rotation":0,"texture":"#0","tintindex":0},"up":{"uv":[8.875,4.375,8.4375,4.25],"rotation":0,"texture":"#0","tintindex":0},"down":{"uv":[8.875,4.4375,8.4375,4.5625],"rotation":0,"texture":"#0","tintindex":0}}},{"from":[9.1376295,7.669675,5.936231],"to":[12.566202,8.812532,7.0790887],"rotation":{"angle":22.5,"axis":"y","origin":[10.851915,8.241103,7.650517]},"faces":{"east":{"uv":[9.0625,8.875,9.1875,9.0],"rotation":0,"texture":"#0","tintindex":0},"south":{"uv":[8.5,7.5625,8.875,7.6875],"rotation":0,"texture":"#0","tintindex":0},"north":{"uv":[8.5,7.5625,8.875,7.6875],"rotation":0,"texture":"#0","tintindex":0},"west":{"uv":[9.0625,8.875,9.1875,9.0],"rotation":0,"texture":"#0","tintindex":0},"up":{"uv":[9.0,1.25,8.625,1.125],"rotation":0,"texture":"#0","tintindex":0},"down":{"uv":[9.0,1.25,8.625,1.125],"rotation":0,"texture":"#0","tintindex":0}}},{"from":[6.9456763,7.6839604,4.6787405],"to":[10.945677,8.255389,5.821597],"rotation":{"angle":-45.0,"axis":"y","origin":[10.802819,8.241103,7.67874]},"faces":{"east":{"uv":[7.3125,0.875,7.4375,0.9375],"rotation":0,"texture":"#0","tintindex":0},"south":{"uv":[8.75,5.1875,9.1875,5.25],"rotation":0,"texture":"#0","tintindex":0},"north":{"uv":[2.8125,4.25,3.25,4.3125],"rotation":0,"texture":"#0","tintindex":0},"west":{"uv":[7.3125,5.875,7.4375,5.9375],"rotation":0,"texture":"#0","tintindex":0},"up":{"uv":[8.875,4.375,8.4375,4.25],"rotation":0,"texture":"#0","tintindex":0},"down":{"uv":[8.875,4.4375,8.4375,4.5625],"rotation":0,"texture":"#0",