{"textures":{"0":"modelengine:entity/nightharrow_wendigo_texture"},"elements":[{"from":[9.428572,6.4510655,1.0397029],"to":[9.428572,8.165351,7.3254175],"rotation":{"angle":-22.5,"axis":"x","origin":[7.714286,7.5939226,3.468275]},"faces":{"east":{"uv":[7.875,5.0625,7.1875,5.25],"rotation":0,"texture":"#0","tintindex":0},"south":{"uv":[6.0,7.125,6.0,7.3125],"rotation":0,"texture":"#0","tintindex":0},"north":{"uv":[7.0625,3.9375,7.0625,4.125],"rotation":0,"texture":"#0","tintindex":0},"west":{"uv":[7.875,2.375,7.1875,2.5625],"rotation":0,"texture":"#0","tintindex":0},"up":{"uv":[2.0,9.875,2.0,9.1875],"rotation":0,"texture":"#0","tintindex":0},"down":{"uv":[2.0625,9.1875,2.0625,9.875],"rotation":0,"texture":"#0","tintindex":0}}},{"from":[6.5714283,6.4510655,1.0397029],"to":[9.428572,8.165351,1.0397029],"rotation":{"angle":-22.5,"axis":"x","origin":[8.285714,7.5939226,3.468275]},"faces":{"east":{"uv":[6.8125,1.9375,6.8125,2.125],"rotation":0,"texture":"#0","tintindex":0},"south":{"uv":[2.8125,8.375,3.125,8.5625],"rotation":0,"texture":"#0","tintindex":0},"north":{"uv":[8.375,0.0,8.6875,0.1875],"rotation":0,"texture":"#0","tintindex":0},"west":{"uv":[6.8125,5.4375,6.8125,5.625],"rotation":0,"texture":"#0","tintindex":0},"up":{"uv":[0.875,5.25,0.5625,5.25],"rotation":0,"texture":"#0","tintindex":0},"down":{"uv":[6.375,1.0625,6.0625,1.0625],"rotation":0,"texture":"#0","tintindex":0}}},{"from":[6.5714283,6.4510655,1.0397029],"to":[6.5714283,8.165351,7.3254175],"rotation":{"angle":-22.5,"axis":"x","origin":[8.285714,7.5939226,3.468275]},"faces":{"east":{"uv":[7.1875,2.375,7.875,2.5625],"rotation":0,"texture":"#0","tintindex":0},"south":{"uv":[6.0,7.125,6.0,7.3125],"rotation":0,"texture":"#0","tintindex":0},"north":{"uv":[7.0625,3.9375,7.0625,4.125],"rotation":0,"texture":"#0","tintindex":0},"west":{"uv":[7.1875,5.0625,7.875,5.25],"rotation":0,"texture":"#0","tintindex":0},"up":{"uv":[2.0,9.875,2.0,9.1875],"rotation":0,"texture":"#0","tintindex":0},"down":{"uv":[2.0625,9.1875,2.0625,9.875],"rotation":0,"texture":"#0","tintindex":0}}},{"from":[6.5714283,5.308208,1.0397029],"to":[9.428572,6.4510655,7.8968463],"rotation":{"angle":-22.5,"axis":"x","origin":[8.285714,7.5939226,3.468275]},"faces":{"east":{"uv":[7.75,0.25,8.5,0.375],"rotation":0,"texture":"#0","tintindex":0},"south":{"uv":[8.8125,3.3125,9.125,3.4375],"rotation":0,"texture":"#0","tintindex":0},"north":{"uv":[8.8125,0.375,9.125,0.5],"rotation":0,"texture":"#0","tintindex":0},"west":{"uv":[7.75,0.4375,8.5,0.5625],"rotation":0,"texture":"#0","tintindex":0},"up":{"uv":[6.375,6.5,6.0625,5.75],"rotation":0,"texture":"#0","tintindex":0},"down":{"uv":[6.5625,3.5,6.25,4.25],"rotation":0,"texture":"#0","tintindex":0}}}],"display":{"head":{"translation":[0.0,-6.4,0.0],"scale":[4.0,4.0,4.0]}}}