{"textures":{"0":"modelengine:entity/nightharrow_wendigo_texture"},"elements":[{"from":[6.345238,4.2224283,7.2620463],"to":[9.202381,7.6509995,14.119189],"rotation":{"angle":45.0,"axis":"x","origin":[8.059524,6.5081425,10.119189]},"faces":{"east":{"uv":[5.6875,1.125,6.4375,1.5],"rotation":0,"texture":"#0","tintindex":0},"south":{"uv":[1.4375,7.5625,1.75,7.9375],"rotation":0,"texture":"#0","tintindex":0},"north":{"uv":[1.4375,7.5625,1.75,7.9375],"rotation":0,"texture":"#0","tintindex":0},"west":{"uv":[5.6875,1.125,6.4375,1.5],"rotation":0,"texture":"#0","tintindex":0},"up":{"uv":[5.625,7.0625,5.3125,6.3125],"rotation":0,"texture":"#0","tintindex":0},"down":{"uv":[5.625,7.0625,5.3125,6.3125],"rotation":0,"texture":"#0","tintindex":0}}}],"display":{"head":{"translation":[0.0,-6.4,0.0],"scale":[4.0,4.0,4.0]}}}