{"textures":{"0":"modelengine:entity/nightharrow_wendigo_texture"},"elements":[{"from":[6.787509,-2.1276245,6.444996],"to":[9.073223,8.158091,9.873568],"rotation":{"angle":0.0,"axis":"y","origin":[9.351759,2.872376,7.8663883]},"faces":{"east":{"uv":[4.375,0.0,4.0,1.125],"rotation":0,"texture":"#0","tintindex":0},"south":{"uv":[1.375,5.3125,1.125,6.4375],"rotation":0,"texture":"#0","tintindex":0},"north":{"uv":[1.375,5.3125,1.125,6.4375],"rotation":0,"texture":"#0","tintindex":0},"west":{"uv":[4.375,0.0,4.0,1.125],"rotation":0,"texture":"#0","tintindex":0},"up":{"uv":[4.9375,8.0625,5.1875,7.6875],"rotation":0,"texture":"#0","tintindex":0},"down":{"uv":[4.9375,8.0625,5.1875,7.6875],"rotation":0,"texture":"#0","tintindex":0}}},{"from":[6.501795,-0.98476696,6.1592813],"to":[9.358937,6.4438047,10.159282],"rotation":{"angle":0.0,"axis":"y","origin":[9.351759,2.872376,7.8663883]},"faces":{"east":{"uv":[5.5625,2.625,5.125,3.4375],"rotation":0,"texture":"#0","tintindex":0},"south":{"uv":[2.8125,5.9375,2.5,6.75],"rotation":0,"texture":"#0","tintindex":0},"north":{"uv":[6.1875,3.5,5.875,4.3125],"rotation":0,"texture":"#0","tintindex":0},"west":{"uv":[1.9375,5.0,1.5,5.8125],"rotation":0,"texture":"#0","tintindex":0},"up":{"uv":[0.5625,5.1875,0.875,4.75],"rotation":0,"texture":"#0","tintindex":0},"down":{"uv":[2.125,7.3125,2.4375,7.75],"rotation":0,"texture":"#0","tintindex":0}}},{"from":[8.149728,-0.98476696,6.6542053],"to":[12.149729,6.4438047,6.6542053],"rotation":{"angle":-45.0,"axis":"y","origin":[9.351759,2.872376,7.8663883]},"faces":{"east":{"uv":[3.75,9.1875,3.75,10.0],"rotation":0,"texture":"#0","tintindex":0},"south":{"uv":[3.9375,5.125,4.375,5.9375],"rotation":0,"texture":"#0","tintindex":0},"north":{"uv":[4.375,5.125,3.9375,5.9375],"rotation":0,"texture":"#0","tintindex":0},"west":{"uv":[2.125,9.1875,2.125,10.0],"rotation":0,"texture":"#0","tintindex":0},"up":{"uv":[7.9375,2.5625,8.375,2.5625],"rotation":0,"texture":"#0","tintindex":0},"down":{"uv":[8.0,2.25,8.4375,2.25],"rotation":0,"texture":"#0","tintindex":0}}}],"display":{"head":{"translation":[0.0,-6.4,0.0],"scale":[4.0,4.0,4.0]}}}