{"textures":{"0":"modelengine:entity/nightharrow_wendigo_texture"},"elements":[{"from":[6.5875,2.1751966,4.6157837],"to":[10.016071,9.03234,9.758641],"rotation":{"angle":22.5,"axis":"x","origin":[8.5875,5.8894825,6.7586412]},"faces":{"east":{"uv":[4.75,1.8125,4.1875,2.5625],"rotation":0,"texture":"#0","tintindex":0},"south":{"uv":[6.0,4.6875,5.625,5.4375],"rotation":0,"texture":"#0","tintindex":0},"north":{"uv":[6.0,4.6875,5.625,5.4375],"rotation":0,"texture":"#0","tintindex":0},"west":{"uv":[4.75,1.8125,4.1875,2.5625],"rotation":0,"texture":"#0","tintindex":0},"up":{"uv":[0.0,7.0,0.375,6.4375],"rotation":0,"texture":"#0","tintindex":0},"down":{"uv":[0.0,7.0,0.375,6.4375],"rotation":0,"texture":"#0","tintindex":0}}},{"from":[7.1589284,2.7466254,4.0443554],"to":[10.5875,9.603768,8.615784],"rotation":{"angle":22.5,"axis":"x","origin":[8.5875,5.8894825,6.7586412]},"faces":{"east":{"uv":[5.3125,1.8125,4.8125,2.5625],"rotation":0,"texture":"#0","tintindex":0},"south":{"uv":[5.25,5.75,4.875,6.5],"rotation":0,"texture":"#0","tintindex":0},"north":{"uv":[4.8125,5.75,4.4375,6.5],"rotation":0,"texture":"#0","tintindex":0},"west":{"uv":[0.5,4.75,0.0,5.5],"rotation":0,"texture":"#0","tintindex":0},"up":{"uv":[6.875,3.25,7.25,2.75],"rotation":0,"texture":"#0","tintindex":0},"down":{"uv":[6.875,5.4375,7.25,5.9375],"rotation":0,"texture":"#0","tintindex":0}}}],"display":{"head":{"translation":[0.0,-6.4,0.0],"scale":[4.0,4.0,4.0]}}}