{"textures":{"0":"modelengine:entity/nightharrow_wendigo_texture"},"elements":[{"from":[7.6809525,7.9495673,6.246476],"to":[11.109524,11.378139,9.675048],"rotation":{"angle":22.5,"axis":"z","origin":[12.944788,9.458645,7.953619]},"faces":{"east":{"uv":[7.5625,1.9375,7.1875,2.3125],"rotation":0,"texture":"#0","tintindex":0},"south":{"uv":[7.5625,1.0,7.1875,1.375],"rotation":0,"texture":"#0","tintindex":0},"north":{"uv":[4.0,7.125,3.625,7.5],"rotation":0,"texture":"#0","tintindex":0},"west":{"uv":[5.6875,7.125,5.3125,7.5],"rotation":0,"texture":"#0","tintindex":0},"up":{"uv":[7.1875,4.5625,7.5625,4.1875],"rotation":0,"texture":"#0","tintindex":0},"down":{"uv":[7.1875,4.625,7.5625,5.0],"rotation":0,"texture":"#0","tintindex":0}}},{"from":[10.742128,7.2572556,6.2607617],"to":[13.599272,8.971541,9.646477],"rotation":{"angle":0.0,"axis":"y","origin":[12.944788,9.458645,7.953619]},"faces":{"east":{"uv":[8.375,1.75,8.0,1.9375],"rotation":0,"texture":"#0","tintindex":0},"south":{"uv":[8.6875,3.5,8.375,3.6875],"rotation":0,"texture":"#0","tintindex":0},"north":{"uv":[3.5,8.375,3.1875,8.5625],"rotation":0,"texture":"#0","tintindex":0},"west":{"uv":[8.375,0.875,8.0,1.0625],"rotation":0,"texture":"#0","tintindex":0},"up":{"uv":[7.5625,7.6875,7.875,7.3125],"rotation":0,"texture":"#0","tintindex":0},"down":{"uv":[7.625,2.25,7.9375,1.875],"rotation":0,"texture":"#0","tintindex":0}}},{"from":[12.670443,4.9746933,6.2607617],"to":[15.527585,6.1175504,9.646477],"rotation":{"angle":-45.0,"axis":"z","origin":[12.944788,9.458645,7.953619]},"faces":{"east":{"uv":[8.875,6.625,8.5,6.75],"rotation":0,"texture":"#0","tintindex":0},"south":{"uv":[9.0,8.875,8.6875,9.0],"rotation":0,"texture":"#0","tintindex":0},"north":{"uv":[8.25,8.875,7.9375,9.0],"rotation":0,"texture":"#0","tintindex":0},"west":{"uv":[5.5,3.5,5.125,3.625],"rotation":0,"texture":"#0","tintindex":0},"up":{"uv":[7.625,2.25,7.9375,1.875],"rotation":0,"texture":"#0","tintindex":0},"down":{"uv":[2.5,7.625,2.8125,8.0],"rotation":0,"texture":"#0","tintindex":0}}},{"from":[11.445363,6.116825,7.103619],"to":[14.873934,7.831111,8.817904],"rotation":{"angle":-22.5,"axis":"z","origin":[12.944788,9.458645,7.953619]},"faces":{"east":{"uv":[1.25,8.9375,1.0625,9.125],"rotation":0,"texture":"#0","tintindex":0},"south":{"uv":[8.375,2.0,8.0,2.1875],"rotation":0,"texture":"#0","tintindex":0},"north":{"uv":[8.375,2.0,8.0,2.1875],"rotation":0,"texture":"#0","tintindex":0},"west":{"uv":[1.0625,8.9375,1.25,9.125],"rotation":0,"texture":"#0","tintindex":0},"up":{"uv":[8.0,4.5,8.375,4.3125],"rotation":0,"texture":"#0","tintindex":0},"down":{"uv":[8.0,4.5,8.375,4.3125],"rotation":0,"texture":"#0","tintindex":0}}},{"from":[12.054071,5.835498,7.660762],"to":[15.482642,7.5497837,8.803619],"rotation":{"angle":22.5,"axis":"z","origin":[12.944788,9.458645,7.953619]},"faces":{"east":{"uv":[6.8125,9.0,6.6875,9.1875],"rotation":0,"texture":"#0","tintindex":0},"south":{"uv":[8.375,4.8125,8.0,5.0],"rotation":0,"texture":"#0","tintindex":0},"north":{"uv":[8.375,4.8125,8.0,5.0],"rotation":0,"texture":"#0","tintindex":0},"west":{"uv":[6.6875,9.0,6.8125,9.1875],"rotation":0,"texture":"#0","tintindex":0},"up":{"uv":[8.5,6.9375,8.875,6.8125],"rotation":0,"texture":"#0","tintindex":0},"down":{"uv":[8.5,6.9375,8.875,6.8125],"rotation":0,"texture":"#0","tintindex":0}}},{"from":[15.5033045,8.962584,8.217905],"to":[16.646162,12.391155,8.789333],"rotation":{"angle":-22.5,"axis":"z","origin":[12.944788,9.458645,7.953619]},"faces":{"east":{"uv":[0.5,5.5625,0.4375,5.9375],"rotation":0,"texture":"#0","tintindex":0},"south":{"uv":[8.0625,8.4375,7.9375,8.8125],"rotation":0,"texture":"#0","tintindex":0},"north":{"uv":[8.0625,8.4375,7.9375,8.8125],"rotation":0,"texture":"#0","tintindex":0},"west":{"uv":[0.5,5.5625,0.4375,5.9375],"rotation":0,"texture":"#0","tintindex":0},"up":{"uv":[2.0,5.75,2.125,5.6875],"rotation":0,"texture":"#0","tintindex":0},"down":{"uv":[2.0,5.75,2.125,5.6875],"rotation":0,"texture":"#0","tintindex":0}}},{"from":[9.03746,7.5220156,7.103619],"to":[10.751747,10.950587,8.246476],"rotation":{"angle":-22.5,"axis":"z","origin":[12.944788,9.458645,7.953619]},"faces":{"east":{"uv":[6.8125,8.5625,6.6875,8.9375],"rotation":0,"texture":"#0","tintindex":0},"south":{"uv":[5.875,7.9375,5.6875,8.3125],"rotation":0,"texture":"#0","tintindex":0},"north":{"uv":[1.6875,4.5,1.5,4.875],"rotation":0,"texture":"#0","tintindex":0},"west":{"uv":[8.625,8.5,8.5,8.875],"rotation":0,"texture":"#0","tintindex":0},"up":{"uv":[9.0,6.5625,9.1875,6.4375],"rotation":0,"texture":"#0","tintindex":0},"down":{"uv":[9.0,7.9375,9.1875,8.0625],"rotation":0,"texture":"#0","tintindex":0}}},{"from":[10.651066,12.335678,7.660762],"to":[11.793923,15.76425,8.23219],"rotation":{"angle":22.5,"axis":"z","origin":[12.944788,9.458645,7.953619]},"faces":{"east":{"uv":[8.625,8.9375,8.5625,9.3125],"rotation":0,"texture":"#0","tintindex":0},"south":{"uv":[8.4375,8.5,8.3125,8.875],"rotation":0,"texture":"#0","tintindex":0},"north":{"uv":[6.625,8.5,6.5,8.875],"rotation":0,"texture":"#0","tintindex":0},"west":{"uv":[6.625,8.0625,6.5625,8.4375],"rotation":0,"texture":"#0","tintindex":0},"up":{"uv":[6.5,1.5,6.625,1.4375],"rotation":0,"texture":"#0","tintindex":0},"down":{"uv":[6.875,3.3125,7.0,3.375],"rotation":0,"texture":"#0","tintindex":0}}},{"from":[12.670443,6.1175504,6.2607617],"to":[15.527585,7.831836,6.2607617],"rotation":{"angle":-45.0,"axis":"z","origin":[12.944788,9.458645,7.953619]},"faces":{"east":{"uv":[6.3125,7.8125,6.3125,8.0],"rotation":0,"texture":"#0","tintindex":0},"south":{"uv":[1.3125,8.4375,1.625,8.625],"rotation":0,"texture":"#0","tintindex":0},"north":{"uv":[1.625,8.4375,1.3125,8.625],"rotation":0,"texture":"#0","tintindex":0},"west":{"uv":[2.4375,7.8125,2.4375,8.0],"rotation":0,"texture":"#0","tintindex":0},"up":{"uv":[6.8125,1.0,7.125,1.0],"rotation":0,"texture":"#0","tintindex":0},"down":{"uv":[1.6875,8.1875,2.0,8.1875],"rotation":0,"texture":"#0","tintindex":0}}},{"from":[10.742128,5.5429697,6.275048],"to":[13.599272,7.2572556,6.275048],"rotation":{"angle":0.0,"axis":"y","origin":[12.944788,9.458645,7.953619]},"faces":{"east":{"uv":[7.8125,8.1875,7.8125,8.375],"rotation":0,"texture":"#0","tintindex":0},"south":{"uv":[8.4375,2.5625,8.75,2.75],"rotation":0,"texture":"#0","tintindex":0},"north":{"uv":[8.75,2.5625,8.4375,2.75],"rotation":0,"texture":"#0","tintindex":0},"west":{"uv":[7.75,8.1875,7.75,8.375],"rotation":0,"texture":"#0","tintindex":0},"up":{"uv":[9.1875,0.5,9.5,0.5],"rotation":0,"texture":"#0","tintindex":0},"down":{"uv":[9.1875,2.5625,9.5,2.5625],"rotation":0,"texture":"#0","tintindex":0}}},{"from":[10.742128,5.5429697,9.631619],"to":[13.599272,7.2572556,9.631619],"rotation":{"angle":0.0,"axis":"y","origin":[12.944788,9.458645,7.953619]},"faces":{"east":{"uv":[3.5,8.625,3.5,8.8125],"rotation":0,"texture":"#0","tintindex":0},"south":{"uv":[8.4375,2.5625,8.75,2.75],"rotation":0,"texture":"#0","tintindex":0},"north":{"uv":[8.75,2.5625,8.4375,2.75],"rotation":0,"texture":"#0","tintindex":0},"west":{"uv":[3.4375,8.625,3.4375,8.8125],"rotation":0,"texture":"#0","tintindex":0},"up":{"uv":[9.1875,3.8125,9.5,3.8125],"rotation":0,"texture":"#0","tintindex":0},"down":{"uv":[9.1875,4.6875,9.5,4.6875],"rotation":0,"texture":"#0","tintindex":0}}},{"from":[12.670443,6.1175504,9.646477],"to":[15.527585,7.831836,9.646477],"rotation":{"angle":-45.0,"axis":"z","origin":[12.944788,9.458645,7.953619]},"faces":{"east":{"uv":[1.375,8.1875,1.375,8.375],"rotation":0,"texture":"#0","tintindex":0},"south":{"uv":[1.3125,8.4375,1.625,8.625],"rotation":0,"texture":"#0","tintindex":0},"north":{"uv":[1.625,8.4375,1.3125,8.625],"rotation":0,"texture":"#0","tintindex":0},"west":{"uv":[1.3125,8.1875,1.3125,8.375],"rotation":0,"texture":"#0","tintindex":0},"up":{"uv":[8.4375,3.0625,8.75,3.0625],"rotation":0,"texture":"#0","tintindex":0},"down":{"uv":[9.1875,0.125,9.5,0.125],"rotation":0,"texture":"#0","tintindex":0}}}],"display":{"head":{"translation":[0.0,-6.4,0.0],"scale":[4.0,4.0,4.0]}}}