{"textures":{"0":"modelengine:entity/nightharrow_wendigo_texture"},"elements":[{"from":[4.082266,7.1714644,4.7022777],"to":[12.082266,14.600037,8.702278],"rotation":{"angle":-22.5,"axis":"x","origin":[8.082266,10.600037,6.430849]},"faces":{"east":{"uv":[4.625,4.875,5.0625,5.6875],"rotation":0,"texture":"#0","tintindex":0},"south":{"uv":[1.1875,0.0,2.0625,0.8125],"rotation":0,"texture":"#0","tintindex":0},"north":{"uv":[1.1875,0.0,2.0625,0.8125],"rotation":0,"texture":"#0","tintindex":0},"west":{"uv":[2.1875,4.9375,2.625,5.75],"rotation":0,"texture":"#0","tintindex":0},"up":{"uv":[5.0625,3.0625,4.1875,2.625],"rotation":0,"texture":"#0","tintindex":0},"down":{"uv":[5.0625,3.0625,4.1875,2.625],"rotation":0,"texture":"#0","tintindex":0}}},{"from":[3.7965512,8.3143215,4.4165635],"to":[12.367981,13.457179,8.987992],"rotation":{"angle":-22.5,"axis":"x","origin":[7.7965517,10.600037,6.430849]},"faces":{"east":{"uv":[5.8125,0.0,6.3125,0.5625],"rotation":0,"texture":"#0","tintindex":0},"south":{"uv":[1.0,3.1875,1.9375,3.75],"rotation":0,"texture":"#0","tintindex":0},"north":{"uv":[0.0,3.0625,0.9375,3.625],"rotation":0,"texture":"#0","tintindex":0},"west":{"uv":[5.8125,1.5625,6.3125,2.125],"rotation":0,"texture":"#0","tintindex":0},"up":{"uv":[4.25,3.625,3.3125,3.125],"rotation":0,"texture":"#0","tintindex":0},"down":{"uv":[0.9375,3.6875,0.0,4.1875],"rotation":0,"texture":"#0","tintindex":0}}}],"display":{"head":{"translation":[0.0,-6.4,0.0],"scale":[4.0,4.0,4.0]}}}