{"textures":{"0":"modelengine:entity/nightharrow_wendigo_texture"},"elements":[{"from":[7.142857,-4.6141443,7.044564],"to":[8.857143,5.671571,8.758849],"rotation":{"angle":0.0,"axis":"y","origin":[9.428572,5.385856,-14.098293]},"faces":{"east":{"uv":[6.4375,6.375,6.625,7.5],"rotation":0,"texture":"#0","tintindex":0},"south":{"uv":[0.9375,6.5,1.125,7.625],"rotation":0,"texture":"#0","tintindex":0},"north":{"uv":[4.125,6.0,4.3125,7.125],"rotation":0,"texture":"#0","tintindex":0},"west":{"uv":[1.1875,6.5,1.375,7.625],"rotation":0,"texture":"#0","tintindex":0},"up":{"uv":[2.125,9.125,1.9375,8.9375],"rotation":0,"texture":"#0","tintindex":0},"down":{"uv":[9.125,4.1875,8.9375,4.375],"rotation":0,"texture":"#0","tintindex":0}}},{"from":[7.714286,7.226105,5.4762855],"to":[8.285714,19.797535,10.047714],"rotation":{"angle":0.0,"axis":"y","origin":[8.285714,21.534044,12.272471]},"faces":{"east":{"uv":[0.0,1.625,0.5,3.0],"rotation":0,"texture":"#0","tintindex":0},"south":{"uv":[0.1875,7.0625,0.3125,8.4375],"rotation":0,"texture":"#0","tintindex":0},"north":{"uv":[0.0,7.0625,0.125,8.4375],"rotation":0,"texture":"#0","tintindex":0},"west":{"uv":[0.5625,1.625,1.0625,3.0],"rotation":0,"texture":"#0","tintindex":0},"up":{"uv":[4.125,1.6875,4.0,1.1875],"rotation":0,"texture":"#0","tintindex":0},"down":{"uv":[3.875,8.125,3.75,8.625],"rotation":0,"texture":"#0","tintindex":0}}},{"from":[7.7285714,17.438269,6.679897],"to":[8.271429,29.43827,11.251326],"rotation":{"angle":22.5,"axis":"x","origin":[8.3,21.643383,12.008507]},"faces":{"east":{"uv":[2.125,0.0,2.625,1.3125],"rotation":0,"texture":"#0","tintindex":0},"south":{"uv":[0.375,7.125,0.5,8.4375],"rotation":0,"texture":"#0","tintindex":0},"north":{"uv":[7.0625,6.875,7.1875,8.1875],"rotation":0,"texture":"#0","tintindex":0},"west":{"uv":[2.25,1.375,2.75,2.6875],"rotation":0,"texture":"#0","tintindex":0},"up":{"uv":[5.0,8.625,4.875,8.125],"rotation":0,"texture":"#0","tintindex":0},"down":{"uv":[5.1875,8.125,5.0625,8.625],"rotation":0,"texture":"#0","tintindex":0}}},{"from":[7.4357142,2.7849412,2.6135626],"to":[8.564285,7.35637,4.8992777],"rotation":{"angle":45.0,"axis":"x","origin":[7.992857,3.9277983,5.470706]},"faces":{"east":{"uv":[7.3125,5.3125,7.5625,5.8125],"rotation":0,"texture":"#0","tintindex":0},"south":{"uv":[5.25,8.25,5.375,8.75],"rotation":0,"texture":"#0","tintindex":0},"north":{"uv":[2.25,8.25,2.375,8.75],"rotation":0,"texture":"#0","tintindex":0},"west":{"uv":[7.25,7.3125,7.5,7.8125],"rotation":0,"texture":"#0","tintindex":0},"up":{"uv":[9.125,2.25,9.0,2.0],"rotation":0,"texture":"#0","tintindex":0},"down":{"uv":[9.125,2.3125,9.0,2.5625],"rotation":0,"texture":"#0","tintindex":0}}},{"from":[7.4428573,1.8052464,2.7809305],"to":[8.557143,5.8052464,3.9237876],"rotation":{"angle":-22.5,"axis":"x","origin":[7.9857144,5.9481034,5.0666447]},"faces":{"east":{"uv":[3.5625,8.375,3.6875,8.8125],"rotation":0,"texture":"#0","tintindex":0},"south":{"uv":[2.0625,8.4375,2.1875,8.875],"rotation":0,"texture":"#0","tintindex":0},"north":{"uv":[0.9375,6.0,1.0625,6.4375],"rotation":0,"texture":"#0","tintindex":0},"west":{"uv":[7.75,8.4375,7.875,8.875],"rotation":0,"texture":"#0","tintindex":0},"up":{"uv":[9.25,8.25,9.125,8.125],"rotation":0,"texture":"#0","tintindex":0},"down":{"uv":[9.25,8.3125,9.125,8.4375],"rotation":0,"texture":"#0","tintindex":0}}},{"from":[6.857143,5.642084,3.1849914],"to":[9.142858,9.642084,7.184992],"rotation":{"angle":45.0,"axis":"x","origin":[8.0,3.9277983,5.470706]},"faces":{"east":{"uv":[2.625,6.8125,3.0625,7.25],"rotation":0,"texture":"#0","tintindex":0},"south":{"uv":[6.375,7.5625,6.625,8.0],"rotation":0,"texture":"#0","tintindex":0},"north":{"uv":[6.375,7.5625,6.625,8.0],"rotation":0,"texture":"#0","tintindex":0},"west":{"uv":[3.125,6.8125,3.5625,7.25],"rotation":0,"texture":"#0","tintindex":0},"up":{"uv":[2.0625,7.6875,1.8125,8.125],"rotation":0,"texture":"#0","tintindex":0},"down":{"uv":[2.0625,7.6875,1.8125,8.125],"rotation":0,"texture":"#0","tintindex":0}}},{"from":[7.714286,5.7088404,14.924742],"to":[8.285714,10.28027,16.0676],"rotation":{"angle":22.5,"axis":"x","origin":[8.140105,6.322263,15.005452]},"faces":{"east":{"uv":[5.4375,8.25,5.5625,8.75],"rotation":0,"texture":"#0","tintindex":0},"south":{"uv":[0.8125,7.125,0.875,7.625],"rotation":0,"texture":"#0","tintindex":0},"north":{"uv":[5.4375,4.3125,5.5,4.8125],"rotation":0,"texture":"#0","tintindex":0},"west":{"uv":[5.9375,8.25,6.0625,8.75],"rotation":0,"texture":"#0","tintindex":0},"up":{"uv":[2.75,5.0625,2.6875,4.9375],"rotation":0,"texture":"#0","tintindex":0},"down":{"uv":[4.0,4.9375,3.9375,5.0625],"rotation":0,"texture":"#0","tintindex":0}}},{"from":[7.428571,4.629621,11.190258],"to":[8.571428,6.343907,15.761686],"rotation":{"angle":-22.5,"axis":"x","origin":[7.8598943,6.322263,15.005452]},"faces":{"east":{"uv":[7.875,2.875,8.375,3.0625],"rotation":0,"texture":"#0","tintindex":0},"south":{"uv":[8.6875,9.0625,8.8125,9.25],"rotation":0,"texture":"#0","tintindex":0},"north":{"uv":[9.0625,3.875,9.1875,4.0625],"rotation":0,"texture":"#0","tintindex":0},"west":{"uv":[7.875,7.75,8.375,7.9375],"rotation":0,"texture":"#0","tintindex":0},"up":{"uv":[6.25,8.75,6.125,8.25],"rotation":0,"texture":"#0","tintindex":0},"down":{"uv":[7.1875,8.25,7.0625,8.75],"rotation":0,"texture":"#0","tintindex":0}}},{"from":[7.142857,4.3641086,8.592903],"to":[8.857143,6.0783944,13.164332],"rotation":{"angle":45.0,"axis":"x","origin":[8.0,5.2212515,10.30719]},"faces":{"east":{"uv":[7.9375,2.3125,8.4375,2.5],"rotation":0,"texture":"#0","tintindex":0},"south":{"uv":[8.9375,6.625,9.125,6.8125],"rotation":0,"texture":"#0","tintindex":0},"north":{"uv":[6.3125,8.9375,6.5,9.125],"rotation":0,"texture":"#0","tintindex":0},"west":{"uv":[2.875,7.9375,3.375,8.125],"rotation":0,"texture":"#0","tintindex":0},"up":{"uv":[2.1875,3.6875,2.0,3.1875],"rotation":0,"texture":"#0","tintindex":0},"down":{"uv":[4.0,7.5625,3.8125,8.0625],"rotation":0,"texture":"#0","tintindex":0}}},{"from":[7.714286,3.4231257,12.067599],"to":[8.285714,6.8516974,13.210456],"rotation":{"angle":22.5,"axis":"x","origin":[8.140105,6.322263,15.005452]},"faces":{"east":{"uv":[4.5625,8.8125,4.6875,9.1875],"rotation":0,"texture":"#0","tintindex":0},"south":{"uv":[8.875,9.0625,8.9375,9.4375],"rotation":0,"texture":"#0","tintindex":0},"north":{"uv":[8.1875,9.0625,8.25,9.4375],"rotation":0,"texture":"#0","tintindex":0},"west":{"uv":[5.1875,8.8125,5.3125,9.1875],"rotation":0,"texture":"#0","tintindex":0},"up":{"uv":[5.75,1.6875,5.6875,1.5625],"rotation":0,"texture":"#0","tintindex":0},"down":{"uv":[3.875,5.75,3.8125,5.875],"rotation":0,"texture":"#0","tintindex":0}}},{"from":[7.428571,5.9376855,1.2392697],"to":[8.571428,7.0805426,5.8106985],"rotation":{"angle":22.5,"axis":"x","origin":[7.714286,8.2234,4.0964127]},"faces":{"east":{"uv":[8.25,3.125,8.75,3.25],"rotation":0,"texture":"#0","tintindex":0},"south":{"uv":[9.125,8.6875,9.25,8.8125],"rotation":0,"texture":"#0","tintindex":0},"north":{"uv":[9.125,8.5,9.25,8.625],"rotation":0,"texture":"#0","tintindex":0},"west":{"uv":[8.25,3.3125,8.75,3.4375],"rotation":0,"texture":"#0","tintindex":0},"up":{"uv":[8.25,8.75,8.125,8.25],"rotation":0,"texture":"#0","tintindex":0},"down":{"uv":[2.5625,8.3125,2.4375,8.8125],"rotation":0,"texture":"#0","tintindex":0}}},{"from":[7.714286,8.00114,1.1981668],"to":[8.285714,12.572569,2.341024],"rotation":{"angle":-22.5,"axis":"x","origin":[7.714286,6.8582826,2.9124527]},"faces":{"east":{"uv":[2.625,8.3125,2.75,8.8125],"rotation":0,"texture":"#0","tintindex":0},"south":{"uv":[7.8125,8.9375,7.875,9.4375],"rotation":0,"texture":"#0","tintindex":0},"north":{"uv":[6.5625,8.9375,6.625,9.4375],"rotation":0,"texture":"#0","tintindex":0},"west":{"uv":[8.3125,6.75,8.4375,7.25],"rotation":0,"texture":"#0","tintindex":0},"up":{"uv":[1.75,8.125,1.6875,8.0],"rotation":0,"texture":"#0","tintindex":0},"down":{"uv":[4.0,8.125,3.9375,8.25],"rotation":0,"texture":"#0","tintindex":0}}},{"from":[6.8714285,1.6715708,6.7588496],