{"textures":{"0":"modelengine:entity/armadillolmao"},"elements":[{"from":[7.9712844,-0.028716087,3.4228568],"to":[7.9712844,7.9712844,12.565714],"rotation":{"angle":-45.0,"axis":"z","origin":[7.9712844,7.9712844,8.0]},"faces":{"east":{"uv":[12.25,12.5,8.25,16.0],"rotation":0,"texture":"#0","tintindex":0},"west":{"uv":[5.25,12.5,1.25,16.0],"rotation":0,"texture":"#0","tintindex":0}}}],"display":{"head":{"translation":[0.0,-6.4,0.0],"scale":[4.0,4.0,4.0]}}}