{"textures":{"0":"modelengine:entity/zombie_brute_texture"},"elements":[{"from":[-1.6736069,4.067996,3.4163804],"to":[17.343536,15.039425,13.656382],"rotation":{"angle":-45.0,"axis":"x","origin":[8.7725315,5.6952915,4.462608]},"faces":{"east":{"uv":[4.1875,1.3125,5.0625,2.25],"rotation":0,"texture":"#0","tintindex":0},"south":{"uv":[0.0,1.0,1.625,1.9375],"rotation":0,"texture":"#0","tintindex":0},"north":{"uv":[0.0,0.0,1.625,0.9375],"rotation":0,"texture":"#0","tintindex":0},"west":{"uv":[4.25,0.0,5.125,0.9375],"rotation":0,"texture":"#0","tintindex":0},"up":{"uv":[3.3125,0.875,1.6875,0.0],"rotation":0,"texture":"#0","tintindex":0},"down":{"uv":[3.3125,0.9375,1.6875,1.8125],"rotation":0,"texture":"#0","tintindex":0}}},{"from":[2.714964,5.530853,4.879237],"to":[18.074965,15.770853,14.38781],"rotation":{"angle":-45.0,"axis":"x","origin":[8.7725315,5.6952915,4.462608]},"faces":{"east":{"uv":[5.0,4.5,5.8125,5.375],"rotation":0,"texture":"#0","tintindex":0},"south":{"uv":[0.0,2.0,1.3125,2.875],"rotation":0,"texture":"#0","tintindex":0},"north":{"uv":[1.6875,1.875,3.0,2.75],"rotation":0,"texture":"#0","tintindex":0},"west":{"uv":[5.125,1.0,5.9375,1.875],"rotation":0,"texture":"#0","tintindex":0},"up":{"uv":[2.6875,3.625,1.375,2.8125],"rotation":0,"texture":"#0","tintindex":0},"down":{"uv":[4.0625,2.8125,2.75,3.625],"rotation":0,"texture":"#0","tintindex":0}}},{"from":[1.0692501,11.899367,3.6952176],"to":[3.2635355,22.139368,6.6209316],"rotation":{"angle":22.5,"axis":"z","origin":[2.1663928,17.019367,7.718075]},"faces":{"east":{"uv":[2.3125,8.625,2.5625,9.5],"rotation":0,"texture":"#0","tintindex":0},"south":{"uv":[5.0,8.75,5.1875,9.625],"rotation":0,"texture":"#0","tintindex":0},"north":{"uv":[4.75,8.75,4.9375,9.625],"rotation":0,"texture":"#0","tintindex":0},"west":{"uv":[8.625,7.0,8.875,7.875],"rotation":0,"texture":"#0","tintindex":0},"up":{"uv":[9.6875,3.4375,9.5,3.1875],"rotation":0,"texture":"#0","tintindex":0},"down":{"uv":[9.6875,3.5,9.5,3.75],"rotation":0,"texture":"#0","tintindex":0}}},{"from":[1.0498352,20.207085,3.8946729],"to":[3.9755497,23.1328,6.8203874],"rotation":{"angle":-45.0,"axis":"y","origin":[2.512693,22.401371,4.6261015]},"faces":{"east":{"uv":[9.25,7.625,9.5,7.875],"rotation":0,"texture":"#0","tintindex":0},"south":{"uv":[9.25,7.9375,9.5,8.1875],"rotation":0,"texture":"#0","tintindex":0},"north":{"uv":[9.1875,9.1875,9.4375,9.4375],"rotation":0,"texture":"#0","tintindex":0},"west":{"uv":[8.25,9.25,8.5,9.5],"rotation":0,"texture":"#0","tintindex":0},"up":{"uv":[9.5,8.5,9.25,8.25],"rotation":0,"texture":"#0","tintindex":0},"down":{"uv":[9.5,8.5625,9.25,8.8125],"rotation":0,"texture":"#0","tintindex":0}}},{"from":[-2.6073074,19.726963,3.6952176],"to":[0.31840706,22.652676,6.6209316],"rotation":{"angle":-22.5,"axis":"x","origin":[-1.1444502,21.18982,5.523789]},"faces":{"east":{"uv":[3.3125,9.375,3.5625,9.625],"rotation":0,"texture":"#0","tintindex":0},"south":{"uv":[3.9375,9.375,4.1875,9.625],"rotation":0,"texture":"#0","tintindex":0},"north":{"uv":[2.625,9.375,2.875,9.625],"rotation":0,"texture":"#0","tintindex":0},"west":{"uv":[4.25,9.375,4.5,9.625],"rotation":0,"texture":"#0","tintindex":0},"up":{"uv":[9.625,6.125,9.375,5.875],"rotation":0,"texture":"#0","tintindex":0},"down":{"uv":[9.625,6.1875,9.375,6.4375],"rotation":0,"texture":"#0","tintindex":0}}}],"display":{"head":{"translation":[0.0,-6.4,0.0],"scale":[4.0,4.0,4.0]}}}