{"textures":{"0":"modelengine:entity/zombie_brute_texture"},"elements":[{"from":[4.342857,6.415238,0.38095236],"to":[11.657143,12.266666,8.426666],"rotation":{"angle":0.0,"axis":"y","origin":[8.0,7.878095,4.038095]},"faces":{"east":{"uv":[0.9375,5.0,1.625,5.5],"rotation":0,"texture":"#0","tintindex":0},"south":{"uv":[8.0625,0.0,8.6875,0.5],"rotation":0,"texture":"#0","tintindex":0},"north":{"uv":[8.0,2.9375,8.625,3.4375],"rotation":0,"texture":"#0","tintindex":0},"west":{"uv":[7.9375,5.3125,8.625,5.8125],"rotation":0,"texture":"#0","tintindex":0},"up":{"uv":[0.625,4.9375,0.0,4.25],"rotation":0,"texture":"#0","tintindex":0},"down":{"uv":[7.625,2.25,7.0,2.9375],"rotation":0,"texture":"#0","tintindex":0}}},{"from":[4.7085714,6.7809525,0.74666595],"to":[11.291429,11.900952,8.060952],"rotation":{"angle":0.0,"axis":"y","origin":[8.0,7.878095,4.038095]},"faces":{"east":{"uv":[8.0625,4.125,8.6875,4.5625],"rotation":0,"texture":"#0","tintindex":0},"south":{"uv":[5.375,8.5,5.9375,8.9375],"rotation":0,"texture":"#0","tintindex":0},"north":{"uv":[8.5,1.5625,9.0625,2.0],"rotation":0,"texture":"#0","tintindex":0},"west":{"uv":[7.125,8.25,7.75,8.6875],"rotation":0,"texture":"#0","tintindex":0},"up":{"uv":[8.4375,1.4375,7.875,0.8125],"rotation":0,"texture":"#0","tintindex":0},"down":{"uv":[8.4375,1.5,7.875,2.125],"rotation":0,"texture":"#0","tintindex":0}}}],"display":{"head":{"translation":[0.0,-6.4,0.0],"scale":[4.0,4.0,4.0]}}}