{"textures":{"0":"modelengine:entity/zombie_brute_texture"},"elements":[{"from":[3.6114283,8.1828575,-1.4171429],"to":[12.388572,11.84,-1.4171429],"rotation":{"angle":0.0,"axis":"y","origin":[7.634286,6.3542857,4.6171427]},"faces":{"east":{"uv":[5.6875,6.4375,5.6875,6.75],"rotation":0,"texture":"#0","tintindex":0},"south":{"uv":[7.8125,8.5625,8.5625,8.875],"rotation":0,"texture":"#0","tintindex":0},"north":{"uv":[8.5625,5.875,9.3125,6.1875],"rotation":0,"texture":"#0","tintindex":0},"west":{"uv":[5.75,6.4375,5.75,6.75],"rotation":0,"texture":"#0","tintindex":0},"up":{"uv":[6.625,5.375,5.875,5.375],"rotation":0,"texture":"#0","tintindex":0},"down":{"uv":[6.8125,4.3125,6.0625,4.3125],"rotation":0,"texture":"#0","tintindex":0}}},{"from":[3.6114283,8.1828575,-1.4171429],"to":[3.6114283,11.84,6.6285715],"rotation":{"angle":0.0,"axis":"y","origin":[7.634286,6.3542857,4.6171427]},"faces":{"east":{"uv":[8.6875,2.9375,9.375,3.25],"rotation":0,"texture":"#0","tintindex":0},"south":{"uv":[0.75,6.8125,0.75,7.125],"rotation":0,"texture":"#0","tintindex":0},"north":{"uv":[0.6875,6.8125,0.6875,7.125],"rotation":0,"texture":"#0","tintindex":0},"west":{"uv":[8.6875,5.125,9.375,5.4375],"rotation":0,"texture":"#0","tintindex":0},"up":{"uv":[2.9375,10.0625,2.9375,9.375],"rotation":0,"texture":"#0","tintindex":0},"down":{"uv":[3.0,9.375,3.0,10.0625],"rotation":0,"texture":"#0","tintindex":0}}},{"from":[12.388572,8.1828575,-1.4171429],"to":[12.388572,11.84,6.6285715],"rotation":{"angle":0.0,"axis":"y","origin":[8.365714,6.3542857,4.6171427]},"faces":{"east":{"uv":[8.6875,5.5,9.375,5.8125],"rotation":0,"texture":"#0","tintindex":0},"south":{"uv":[0.5625,7.6875,0.5625,8.0],"rotation":0,"texture":"#0","tintindex":0},"north":{"uv":[7.375,3.0,7.375,3.3125],"rotation":0,"texture":"#0","tintindex":0},"west":{"uv":[8.75,0.0,9.4375,0.3125],"rotation":0,"texture":"#0","tintindex":0},"up":{"uv":[4.5625,10.0625,4.5625,9.375],"rotation":0,"texture":"#0","tintindex":0},"down":{"uv":[4.625,9.375,4.625,10.0625],"rotation":0,"texture":"#0","tintindex":0}}},{"from":[3.6114283,4.525714,-1.4171429],"to":[12.388572,8.1828575,8.091429],"rotation":{"angle":0.0,"axis":"y","origin":[7.634286,6.3542857,4.6171427]},"faces":{"east":{"uv":[5.875,5.0,6.6875,5.3125],"rotation":0,"texture":"#0","tintindex":0},"south":{"uv":[5.1875,0.625,5.9375,0.9375],"rotation":0,"texture":"#0","tintindex":0},"north":{"uv":[5.1875,0.625,5.9375,0.9375],"rotation":0,"texture":"#0","tintindex":0},"west":{"uv":[8.3125,2.1875,9.125,2.5],"rotation":0,"texture":"#0","tintindex":0},"up":{"uv":[6.8125,4.25,6.0625,3.4375],"rotation":0,"texture":"#0","tintindex":0},"down":{"uv":[6.9375,2.5625,6.1875,3.375],"rotation":0,"texture":"#0","tintindex":0}}}],"display":{"head":{"translation":[0.0,-6.4,0.0],"scale":[4.0,4.0,4.0]}}}