{"textures":{"0":"modelengine:entity/zombie_brute_texture"},"elements":[{"from":[4.7712474,-0.9055538,4.676197],"to":[10.622677,8.603018,11.259054],"rotation":{"angle":0.0,"axis":"y","origin":[6.782676,2.1672635,3.2966623]},"faces":{"east":{"uv":[0.0,6.8125,0.5625,7.625],"rotation":0,"texture":"#0","tintindex":0},"south":{"uv":[0.625,7.375,1.125,8.1875],"rotation":0,"texture":"#0","tintindex":0},"north":{"uv":[0.625,7.375,1.125,8.1875],"rotation":0,"texture":"#0","tintindex":0},"west":{"uv":[0.0,6.8125,0.5625,7.625],"rotation":0,"texture":"#0","tintindex":0},"up":{"uv":[8.5625,7.875,8.0625,7.3125],"rotation":0,"texture":"#0","tintindex":0},"down":{"uv":[8.5625,7.9375,8.0625,8.5],"rotation":0,"texture":"#0","tintindex":0}}},{"from":[4.7712474,-6.0255537,4.676197],"to":[4.7712474,-0.9055538,11.259054],"rotation":{"angle":0.0,"axis":"y","origin":[6.782676,2.1672635,3.2966623]},"faces":{"east":{"uv":[9.0625,1.0625,8.5,1.5],"rotation":0,"texture":"#0","tintindex":0},"south":{"uv":[0.875,5.9375,0.875,6.375],"rotation":0,"texture":"#0","tintindex":0},"north":{"uv":[0.8125,5.9375,0.8125,6.375],"rotation":0,"texture":"#0","tintindex":0},"west":{"uv":[8.5,1.0625,9.0625,1.5],"rotation":0,"texture":"#0","tintindex":0},"up":{"uv":[2.5,7.0,2.5,6.4375],"rotation":0,"texture":"#0","tintindex":0},"down":{"uv":[4.125,6.4375,4.125,7.0],"rotation":0,"texture":"#0","tintindex":0}}},{"from":[4.7712474,-6.0255537,4.676197],"to":[10.622677,-0.9055538,4.676197],"rotation":{"angle":0.0,"axis":"y","origin":[6.782676,2.1672635,3.2966623]},"faces":{"east":{"uv":[6.375,1.4375,6.375,1.875],"rotation":0,"texture":"#0","tintindex":0},"south":{"uv":[0.5,8.5,0.0,8.9375],"rotation":0,"texture":"#0","tintindex":0},"north":{"uv":[0.0,8.5,0.5,8.9375],"rotation":0,"texture":"#0","tintindex":0},"west":{"uv":[4.1875,6.4375,4.1875,6.875],"rotation":0,"texture":"#0","tintindex":0},"up":{"uv":[3.875,2.625,3.375,2.625],"rotation":0,"texture":"#0","tintindex":0},"down":{"uv":[3.875,2.6875,3.375,2.6875],"rotation":0,"texture":"#0","tintindex":0}}},{"from":[4.7712474,-6.0255537,11.259054],"to":[10.622677,-0.9055538,11.259054],"rotation":{"angle":0.0,"axis":"y","origin":[6.782676,2.1672635,3.2966623]},"faces":{"east":{"uv":[4.25,6.4375,4.25,6.875],"rotation":0,"texture":"#0","tintindex":0},"south":{"uv":[0.5,8.5,0.0,8.9375],"rotation":0,"texture":"#0","tintindex":0},"north":{"uv":[0.0,8.5,0.5,8.9375],"rotation":0,"texture":"#0","tintindex":0},"west":{"uv":[0.625,6.8125,0.625,7.25],"rotation":0,"texture":"#0","tintindex":0},"up":{"uv":[3.875,2.75,3.375,2.75],"rotation":0,"texture":"#0","tintindex":0},"down":{"uv":[5.75,4.4375,5.25,4.4375],"rotation":0,"texture":"#0","tintindex":0}}},{"from":[5.9055223,-4.402461,7.0788937],"to":[8.831237,5.837539,9.273179],"rotation":{"angle":45.0,"axis":"y","origin":[7.3683796,0.71753883,8.176037]},"faces":{"east":{"uv":[1.5,8.75,1.6875,9.625],"rotation":0,"texture":"#0","tintindex":0},"south":{"uv":[3.3125,8.125,3.5625,9.0],"rotation":0,"texture":"#0","tintindex":0},"north":{"uv":[3.0625,1.875,3.3125,2.75],"rotation":0,"texture":"#0","tintindex":0},"west":{"uv":[3.0625,8.75,3.25,9.625],"rotation":0,"texture":"#0","tintindex":0},"up":{"uv":[9.75,2.125,9.5,1.9375],"rotation":0,"texture":"#0","tintindex":0},"down":{"uv":[9.75,2.1875,9.5,2.375],"rotation":0,"texture":"#0","tintindex":0}}},{"from":[5.0128465,-5.094363,5.62045],"to":[7.938561,-2.1686478,8.5461645],"rotation":{"angle":-22.5,"axis":"y","origin":[7.2168393,-2.064249,8.304119]},"faces":{"east":{"uv":[9.125,1.625,9.375,1.875],"rotation":0,"texture":"#0","tintindex":0},"south":{"uv":[1.75,9.125,2.0,9.375],"rotation":0,"texture":"#0","tintindex":0},"north":{"uv":[9.125,1.3125,9.375,1.5625],"rotation":0,"texture":"#0","tintindex":0},"west":{"uv":[9.125,2.5625,9.375,2.8125],"rotation":0,"texture":"#0","tintindex":0},"up":{"uv":[9.4375,2.1875,9.1875,1.9375],"rotation":0,"texture":"#0","tintindex":0},"down":{"uv":[9.4375,2.25,9.1875,2.5],"rotation":0,"texture":"#0","tintindex":0}}},{"from":[6.788633,-5.120965,8.088902],"to":[9.714347,-2.1952496,11.014616],"rotation":{"angle":22.5,"axis":"y","origin":[7.2168393,-2.064249,8.304119]},"faces":{"east":{"uv":[9.1875,3.625,9.4375,3.875],"rotation":0,"texture":"#0","tintindex":0},"south":{"uv":[9.1875,3.9375,9.4375,4.1875],"rotation":0,"texture":"#0","tintindex":0},"north":{"uv":[9.1875,3.3125,9.4375,3.5625],"rotation":0,"texture":"#0","tintindex":0},"west":{"uv":[9.1875,4.25,9.4375,4.5],"rotation":0,"texture":"#0","tintindex":0},"up":{"uv":[8.8125,9.4375,8.5625,9.1875],"rotation":0,"texture":"#0","tintindex":0},"down":{"uv":[9.125,9.1875,8.875,9.4375],"rotation":0,"texture":"#0","tintindex":0}}},{"from":[10.622677,-6.0255537,4.676197],"to":[10.622677,-0.9055538,11.259054],"rotation":{"angle":0.0,"axis":"y","origin":[6.782676,2.1672635,3.2966623]},"faces":{"east":{"uv":[9.0625,1.0625,8.5,1.5],"rotation":0,"texture":"#0","tintindex":0},"south":{"uv":[0.75,4.25,0.75,4.6875],"rotation":0,"texture":"#0","tintindex":0},"north":{"uv":[0.6875,4.25,0.6875,4.6875],"rotation":0,"texture":"#0","tintindex":0},"west":{"uv":[8.5,1.0625,9.0625,1.5],"rotation":0,"texture":"#0","tintindex":0},"up":{"uv":[0.8125,4.8125,0.8125,4.25],"rotation":0,"texture":"#0","tintindex":0},"down":{"uv":[2.5625,5.5625,2.5625,6.125],"rotation":0,"texture":"#0","tintindex":0}}}],"display":{"head":{"translation":[0.0,-6.4,0.0],"scale":[4.0,4.0,4.0]}}}