{"textures":{"0":"modelengine:entity/zombie_brute_texture"},"elements":[{"from":[6.1400423,3.0496888,6.67328],"to":[9.797185,9.632546,11.0618515],"rotation":{"angle":-22.5,"axis":"x","origin":[6.5057564,6.3411174,10.330423]},"faces":{"east":{"uv":[1.4375,8.75,1.0625,9.3125],"rotation":0,"texture":"#0","tintindex":0},"south":{"uv":[6.8125,0.0,6.5,0.5625],"rotation":0,"texture":"#0","tintindex":0},"north":{"uv":[6.8125,0.0,6.5,0.5625],"rotation":0,"texture":"#0","tintindex":0},"west":{"uv":[1.4375,8.75,1.0625,9.3125],"rotation":0,"texture":"#0","tintindex":0},"up":{"uv":[6.0,1.8125,6.3125,1.4375],"rotation":0,"texture":"#0","tintindex":0},"down":{"uv":[6.0,1.8125,6.3125,1.4375],"rotation":0,"texture":"#0","tintindex":0}}}],"display":{"head":{"translation":[0.0,-6.4,0.0],"scale":[4.0,4.0,4.0]}}}