{"textures":{"0":"modelengine:entity/zombie_brute_texture"},"elements":[{"from":[-0.88274384,-4.262396,4.08572],"to":[5.7001133,5.2461762,12.131435],"rotation":{"angle":-45.0,"axis":"z","origin":[11.196688,1.9953971,6.1082416]},"faces":{"east":{"uv":[3.375,6.4375,4.0625,7.25],"rotation":0,"texture":"#0","tintindex":0},"south":{"uv":[5.6875,6.8125,6.25,7.625],"rotation":0,"texture":"#0","tintindex":0},"north":{"uv":[5.6875,6.8125,6.25,7.625],"rotation":0,"texture":"#0","tintindex":0},"west":{"uv":[3.375,6.4375,4.0625,7.25],"rotation":0,"texture":"#0","tintindex":0},"up":{"uv":[8.0,4.5625,7.4375,3.875],"rotation":0,"texture":"#0","tintindex":0},"down":{"uv":[8.0,4.5625,7.4375,3.875],"rotation":0,"texture":"#0","tintindex":0}}},{"from":[-1.614172,-3.5309668,3.3542914],"to":[4.968685,3.783319,9.937149],"rotation":{"angle":-45.0,"axis":"z","origin":[11.196688,1.9953971,6.1082416]},"faces":{"east":{"uv":[7.75,4.625,8.3125,5.25],"rotation":0,"texture":"#0","tintindex":0},"south":{"uv":[5.9375,7.8125,6.5,8.4375],"rotation":0,"texture":"#0","tintindex":0},"north":{"uv":[7.6875,2.25,8.25,2.875],"rotation":0,"texture":"#0","tintindex":0},"west":{"uv":[7.8125,6.625,8.375,7.25],"rotation":0,"texture":"#0","tintindex":0},"up":{"uv":[8.5,6.4375,7.9375,5.875],"rotation":0,"texture":"#0","tintindex":0},"down":{"uv":[2.6875,8.0,2.125,8.5625],"rotation":0,"texture":"#0","tintindex":0}}}],"display":{"head":{"translation":[0.0,-6.4,0.0],"scale":[4.0,4.0,4.0]}}}