{"textures":{"0":"modelengine:entity/zombie_brute_texture"},"elements":[{"from":[3.9773932,-5.7103167,3.604114],"to":[13.485965,8.918256,12.381258],"rotation":{"angle":0.0,"axis":"y","origin":[8.731679,3.0668268,3.9698281]},"faces":{"east":{"uv":[3.375,1.3125,4.125,2.5625],"rotation":0,"texture":"#0","tintindex":0},"south":{"uv":[3.375,0.0,4.1875,1.25],"rotation":0,"texture":"#0","tintindex":0},"north":{"uv":[0.0,2.9375,0.8125,4.1875],"rotation":0,"texture":"#0","tintindex":0},"west":{"uv":[0.875,3.6875,1.625,4.9375],"rotation":0,"texture":"#0","tintindex":0},"up":{"uv":[6.8125,1.375,6.0,0.625],"rotation":0,"texture":"#0","tintindex":0},"down":{"uv":[6.625,6.0,5.8125,6.75],"rotation":0,"texture":"#0","tintindex":0}}},{"from":[5.4402504,-4.2474585,2.8726854],"to":[14.217394,6.72397,13.112686],"rotation":{"angle":0.0,"axis":"y","origin":[8.731679,3.0668268,3.9698281]},"faces":{"east":{"uv":[4.0625,4.5,4.9375,5.4375],"rotation":0,"texture":"#0","tintindex":0},"south":{"uv":[5.0,5.4375,5.75,6.375],"rotation":0,"texture":"#0","tintindex":0},"north":{"uv":[5.25,3.4375,6.0,4.375],"rotation":0,"texture":"#0","tintindex":0},"west":{"uv":[1.6875,4.5625,2.5625,5.5],"rotation":0,"texture":"#0","tintindex":0},"up":{"uv":[4.25,6.375,3.5,5.5],"rotation":0,"texture":"#0","tintindex":0},"down":{"uv":[1.6875,5.5625,0.9375,6.4375],"rotation":0,"texture":"#0","tintindex":0}}}],"display":{"head":{"translation":[0.0,-6.4,0.0],"scale":[4.0,4.0,4.0]}}}