{"textures":{"0":"modelengine:entity/zombie_brute_texture"},"elements":[{"from":[5.479233,5.4582853,3.6475282],"to":[10.599234,8.384,10.230386],"rotation":{"angle":0.0,"axis":"y","origin":[8.039233,6.5554285,8.036099]},"faces":{"east":{"uv":[4.1875,2.3125,4.75,2.5625],"rotation":0,"texture":"#0","tintindex":0},"south":{"uv":[6.4375,2.25,6.875,2.5],"rotation":0,"texture":"#0","tintindex":0},"north":{"uv":[3.5625,5.1875,4.0,5.4375],"rotation":0,"texture":"#0","tintindex":0},"west":{"uv":[4.75,2.3125,4.1875,2.5625],"rotation":0,"texture":"#0","tintindex":0},"up":{"uv":[1.3125,3.5,0.875,2.9375],"rotation":0,"texture":"#0","tintindex":0},"down":{"uv":[4.0,4.5625,3.5625,5.125],"rotation":0,"texture":"#0","tintindex":0}}},{"from":[6.94209,5.421714,0.7218132],"to":[9.136375,8.347428,3.6475282],"rotation":{"angle":0.0,"axis":"y","origin":[8.039233,6.5554285,8.036099]},"faces":{"east":{"uv":[5.25,9.0,5.5,9.25],"rotation":0,"texture":"#0","tintindex":0},"south":{"uv":[0.3125,9.0,0.5,9.25],"rotation":0,"texture":"#0","tintindex":0},"north":{"uv":[6.875,8.8125,7.0625,9.0625],"rotation":0,"texture":"#0","tintindex":0},"west":{"uv":[5.5625,9.0,5.8125,9.25],"rotation":0,"texture":"#0","tintindex":0},"up":{"uv":[2.25,9.375,2.0625,9.125],"rotation":0,"texture":"#0","tintindex":0},"down":{"uv":[1.4375,9.375,1.25,9.625],"rotation":0,"texture":"#0","tintindex":0}}},{"from":[4.747804,5.4399996,0.3560996],"to":[6.94209,8.365714,3.2818136],"rotation":{"angle":22.5,"axis":"y","origin":[8.039233,6.902857,2.184671]},"faces":{"east":{"uv":[5.25,9.0,5.5,9.25],"rotation":0,"texture":"#0","tintindex":0},"south":{"uv":[0.3125,9.0,0.5,9.25],"rotation":0,"texture":"#0","tintindex":0},"north":{"uv":[6.875,8.8125,7.0625,9.0625],"rotation":0,"texture":"#0","tintindex":0},"west":{"uv":[5.5625,9.0,5.8125,9.25],"rotation":0,"texture":"#0","tintindex":0},"up":{"uv":[2.25,9.375,2.0625,9.125],"rotation":0,"texture":"#0","tintindex":0},"down":{"uv":[1.4375,9.375,1.25,9.625],"rotation":0,"texture":"#0","tintindex":0}}},{"from":[8.6148815,5.4399996,-0.42206],"to":[10.809168,8.365714,2.503655],"rotation":{"angle":-22.5,"axis":"y","origin":[5.8720245,6.902857,2.686512]},"faces":{"east":{"uv":[5.25,9.0,5.5,9.25],"rotation":0,"texture":"#0","tintindex":0},"south":{"uv":[0.3125,9.0,0.5,9.25],"rotation":0,"texture":"#0","tintindex":0},"north":{"uv":[6.875,8.8125,7.0625,9.0625],"rotation":0,"texture":"#0","tintindex":0},"west":{"uv":[5.5625,9.0,5.8125,9.25],"rotation":0,"texture":"#0","tintindex":0},"up":{"uv":[2.25,9.375,2.0625,9.125],"rotation":0,"texture":"#0","tintindex":0},"down":{"uv":[1.4375,9.375,1.25,9.625],"rotation":0,"texture":"#0","tintindex":0}}}],"display":{"head":{"translation":[0.0,-6.4,0.0],"scale":[4.0,4.0,4.0]}}}