{"textures":{"0":"modelengine:entity/zombie_brute_texture"},"elements":[{"from":[5.175541,4.2883325,3.623619],"to":[8.101255,8.676904,6.549333],"rotation":{"angle":-22.5,"axis":"z","origin":[6.2726836,5.019761,7.6281905]},"faces":{"east":{"uv":[8.9375,7.625,9.1875,8.0],"rotation":0,"texture":"#0","tintindex":0},"south":{"uv":[7.9375,8.9375,8.1875,9.3125],"rotation":0,"texture":"#0","tintindex":0},"north":{"uv":[7.625,8.9375,7.875,9.3125],"rotation":0,"texture":"#0","tintindex":0},"west":{"uv":[8.9375,8.0625,9.1875,8.4375],"rotation":0,"texture":"#0","tintindex":0},"up":{"uv":[1.625,2.75,1.375,2.5],"rotation":0,"texture":"#0","tintindex":0},"down":{"uv":[5.0625,2.3125,4.8125,2.5625],"rotation":0,"texture":"#0","tintindex":0}}},{"from":[1.5183978,4.2883325,3.623619],"to":[5.175541,6.4826183,5.8179045],"rotation":{"angle":-22.5,"axis":"z","origin":[6.2726836,5.019761,7.6281905]},"faces":{"east":{"uv":[7.1875,4.375,7.375,4.5625],"rotation":0,"texture":"#0","tintindex":0},"south":{"uv":[4.5,3.4375,4.8125,3.625],"rotation":0,"texture":"#0","tintindex":0},"north":{"uv":[4.125,3.4375,4.4375,3.625],"rotation":0,"texture":"#0","tintindex":0},"west":{"uv":[8.5625,9.5,8.75,9.6875],"rotation":0,"texture":"#0","tintindex":0},"up":{"uv":[5.1875,3.625,4.875,3.4375],"rotation":0,"texture":"#0","tintindex":0},"down":{"uv":[7.625,6.625,7.3125,6.8125],"rotation":0,"texture":"#0","tintindex":0}}},{"from":[1.5183978,4.2883325,6.549333],"to":[5.175541,6.4826183,8.743619],"rotation":{"angle":-22.5,"axis":"z","origin":[6.2726836,5.019761,7.6281905]},"faces":{"east":{"uv":[7.1875,4.375,7.375,4.5625],"rotation":0,"texture":"#0","tintindex":0},"south":{"uv":[4.5,3.4375,4.8125,3.625],"rotation":0,"texture":"#0","tintindex":0},"north":{"uv":[4.125,3.4375,4.4375,3.625],"rotation":0,"texture":"#0","tintindex":0},"west":{"uv":[8.5625,9.5,8.75,9.6875],"rotation":0,"texture":"#0","tintindex":0},"up":{"uv":[5.1875,3.625,4.875,3.4375],"rotation":0,"texture":"#0","tintindex":0},"down":{"uv":[7.625,6.625,7.3125,6.8125],"rotation":0,"texture":"#0","tintindex":0}}},{"from":[5.175541,4.2883325,6.549333],"to":[8.101255,8.676904,9.475048],"rotation":{"angle":-22.5,"axis":"z","origin":[6.2726836,5.019761,7.6281905]},"faces":{"east":{"uv":[8.9375,7.625,9.1875,8.0],"rotation":0,"texture":"#0","tintindex":0},"south":{"uv":[7.9375,8.9375,8.1875,9.3125],"rotation":0,"texture":"#0","tintindex":0},"north":{"uv":[7.625,8.9375,7.875,9.3125],"rotation":0,"texture":"#0","tintindex":0},"west":{"uv":[8.9375,8.0625,9.1875,8.4375],"rotation":0,"texture":"#0","tintindex":0},"up":{"uv":[1.625,2.75,1.375,2.5],"rotation":0,"texture":"#0","tintindex":0},"down":{"uv":[5.0625,2.3125,4.8125,2.5625],"rotation":0,"texture":"#0","tintindex":0}}},{"from":[1.5183978,4.2883325,9.438477],"to":[5.175541,6.4826183,11.632762],"rotation":{"angle":-22.5,"axis":"z","origin":[6.2726836,5.019761,7.6281905]},"faces":{"east":{"uv":[7.1875,4.375,7.375,4.5625],"rotation":0,"texture":"#0","tintindex":0},"south":{"uv":[4.5,3.4375,4.8125,3.625],"rotation":0,"texture":"#0","tintindex":0},"north":{"uv":[4.125,3.4375,4.4375,3.625],"rotation":0,"texture":"#0","tintindex":0},"west":{"uv":[8.5625,9.5,8.75,9.6875],"rotation":0,"texture":"#0","tintindex":0},"up":{"uv":[5.1875,3.625,4.875,3.4375],"rotation":0,"texture":"#0","tintindex":0},"down":{"uv":[7.625,6.625,7.3125,6.8125],"rotation":0,"texture":"#0","tintindex":0}}},{"from":[5.175541,4.2883325,9.438477],"to":[8.101255,8.676904,12.364191],"rotation":{"angle":-22.5,"axis":"z","origin":[6.2726836,5.019761,7.6281905]},"faces":{"east":{"uv":[8.9375,7.625,9.1875,8.0],"rotation":0,"texture":"#0","tintindex":0},"south":{"uv":[7.9375,8.9375,8.1875,9.3125],"rotation":0,"texture":"#0","tintindex":0},"north":{"uv":[7.625,8.9375,7.875,9.3125],"rotation":0,"texture":"#0","tintindex":0},"west":{"uv":[8.9375,8.0625,9.1875,8.4375],"rotation":0,"texture":"#0","tintindex":0},"up":{"uv":[1.625,2.75,1.375,2.5],"rotation":0,"texture":"#0","tintindex":0},"down":{"uv":[5.0625,2.3125,4.8125,2.5625],"rotation":0,"texture":"#0","tintindex":0}}}],"display":{"head":{"translation":[0.0,-6.4,0.0],"scale":[4.0,4.0,4.0]}}}