{"textures":{"0":"modelengine:entity/zombie_brute_texture"},"elements":[{"from":[3.9319086,-3.3810596,3.5781517],"to":[10.514766,5.396084,12.355295],"rotation":{"angle":22.5,"axis":"z","origin":[-2.1151733,7.0258794,5.6006727]},"faces":{"east":{"uv":[2.5625,6.375,3.3125,7.125],"rotation":0,"texture":"#0","tintindex":0},"south":{"uv":[2.5,7.1875,3.0625,7.9375],"rotation":0,"texture":"#0","tintindex":0},"north":{"uv":[7.125,5.0,7.6875,5.75],"rotation":0,"texture":"#0","tintindex":0},"west":{"uv":[6.4375,1.4375,7.1875,2.1875],"rotation":0,"texture":"#0","tintindex":0},"up":{"uv":[7.8125,2.1875,7.25,1.4375],"rotation":0,"texture":"#0","tintindex":0},"down":{"uv":[4.6875,7.25,4.125,8.0],"rotation":0,"texture":"#0","tintindex":0}}}],"display":{"head":{"translation":[0.0,-6.4,0.0],"scale":[4.0,4.0,4.0]}}}