{"textures":{"0":"modelengine:entity/zombie_brute_texture"},"elements":[{"from":[8.626081,-5.701474,3.4570332],"to":[15.940367,3.807097,12.965605],"rotation":{"angle":45.0,"axis":"z","origin":[3.8609352,0.5563178,5.479554]},"faces":{"east":{"uv":[5.3125,2.5625,6.125,3.375],"rotation":0,"texture":"#0","tintindex":0},"south":{"uv":[4.3125,6.375,4.9375,7.1875],"rotation":0,"texture":"#0","tintindex":0},"north":{"uv":[4.3125,5.5,4.9375,6.3125],"rotation":0,"texture":"#0","tintindex":0},"west":{"uv":[2.625,5.5,3.4375,6.3125],"rotation":0,"texture":"#0","tintindex":0},"up":{"uv":[5.625,7.25,5.0,6.4375],"rotation":0,"texture":"#0","tintindex":0},"down":{"uv":[1.4375,6.5,0.8125,7.3125],"rotation":0,"texture":"#0","tintindex":0}}},{"from":[14.362086,4.1096077,7.6378784],"to":[16.556374,9.961037,10.563593],"rotation":{"angle":-22.5,"axis":"z","origin":[16.098791,7.6228237,9.107267]},"faces":{"east":{"uv":[8.625,7.9375,8.875,8.4375],"rotation":0,"texture":"#0","tintindex":0},"south":{"uv":[7.375,8.75,7.5625,9.25],"rotation":0,"texture":"#0","tintindex":0},"north":{"uv":[7.125,8.75,7.3125,9.25],"rotation":0,"texture":"#0","tintindex":0},"west":{"uv":[3.625,8.6875,3.875,9.1875],"rotation":0,"texture":"#0","tintindex":0},"up":{"uv":[9.6875,4.0625,9.5,3.8125],"rotation":0,"texture":"#0","tintindex":0},"down":{"uv":[9.6875,4.125,9.5,4.375],"rotation":0,"texture":"#0","tintindex":0}}},{"from":[16.291355,7.7272234,8.316651],"to":[19.217068,10.652938,11.242366],"rotation":{"angle":-22.5,"axis":"x","origin":[16.098791,7.6228237,9.107267]},"faces":{"east":{"uv":[0.0,9.3125,0.25,9.5625],"rotation":0,"texture":"#0","tintindex":0},"south":{"uv":[9.3125,4.5625,9.5625,4.8125],"rotation":0,"texture":"#0","tintindex":0},"north":{"uv":[9.25,8.875,9.5,9.125],"rotation":0,"texture":"#0","tintindex":0},"west":{"uv":[5.25,9.3125,5.5,9.5625],"rotation":0,"texture":"#0","tintindex":0},"up":{"uv":[5.8125,9.5625,5.5625,9.3125],"rotation":0,"texture":"#0","tintindex":0},"down":{"uv":[6.125,9.3125,5.875,9.5625],"rotation":0,"texture":"#0","tintindex":0}}},{"from":[13.601282,8.485254,6.579628],"to":[16.526997,11.410969,9.5053425],"rotation":{"angle":45.0,"axis":"y","origin":[16.098791,7.6228237,9.107267]},"faces":{"east":{"uv":[6.5,9.3125,6.75,9.5625],"rotation":0,"texture":"#0","tintindex":0},"south":{"uv":[6.8125,9.3125,7.0625,9.5625],"rotation":0,"texture":"#0","tintindex":0},"north":{"uv":[6.1875,9.3125,6.4375,9.5625],"rotation":0,"texture":"#0","tintindex":0},"west":{"uv":[0.3125,9.375,0.5625,9.625],"rotation":0,"texture":"#0","tintindex":0},"up":{"uv":[0.875,9.625,0.625,9.375],"rotation":0,"texture":"#0","tintindex":0},"down":{"uv":[1.1875,9.375,0.9375,9.625],"rotation":0,"texture":"#0","tintindex":0}}}],"display":{"head":{"translation":[0.0,-6.4,0.0],"scale":[4.0,4.0,4.0]}}}