{"textures":{"0":"modelengine:entity/zombie_brute_texture"},"elements":[{"from":[6.113453,2.6035342,6.72],"to":[9.039167,6.9921064,9.645715],"rotation":{"angle":-22.5,"axis":"z","origin":[11.050596,5.8949633,8.0]},"faces":{"east":{"uv":[9.1875,8.0625,8.9375,8.4375],"rotation":0,"texture":"#0","tintindex":0},"south":{"uv":[8.1875,8.9375,7.9375,9.3125],"rotation":0,"texture":"#0","tintindex":0},"north":{"uv":[7.875,8.9375,7.625,9.3125],"rotation":0,"texture":"#0","tintindex":0},"west":{"uv":[9.1875,7.625,8.9375,8.0],"rotation":0,"texture":"#0","tintindex":0},"up":{"uv":[1.375,2.75,1.625,2.5],"rotation":0,"texture":"#0","tintindex":0},"down":{"uv":[4.8125,2.3125,5.0625,2.5625],"rotation":0,"texture":"#0","tintindex":0}}},{"from":[9.039167,2.6035342,6.72],"to":[12.69631,4.79782,8.914286],"rotation":{"angle":-22.5,"axis":"z","origin":[11.050596,5.8949633,8.0]},"faces":{"east":{"uv":[8.75,9.5,8.5625,9.6875],"rotation":0,"texture":"#0","tintindex":0},"south":{"uv":[4.8125,3.4375,4.5,3.625],"rotation":0,"texture":"#0","tintindex":0},"north":{"uv":[4.4375,3.4375,4.125,3.625],"rotation":0,"texture":"#0","tintindex":0},"west":{"uv":[7.375,4.375,7.1875,4.5625],"rotation":0,"texture":"#0","tintindex":0},"up":{"uv":[4.875,3.625,5.1875,3.4375],"rotation":0,"texture":"#0","tintindex":0},"down":{"uv":[7.3125,6.625,7.625,6.8125],"rotation":0,"texture":"#0","tintindex":0}}}],"display":{"head":{"translation":[0.0,-6.4,0.0],"scale":[4.0,4.0,4.0]}}}