{"textures":{"0":"modelengine:entity/zombie_brute_texture"},"elements":[{"from":[1.4147782,6.9345064,2.650403],"to":[14.580493,16.443077,11.427546],"rotation":{"angle":-22.5,"axis":"x","origin":[7.9976354,11.688792,7.0389743]},"faces":{"east":{"uv":[1.75,5.5625,2.5,6.375],"rotation":0,"texture":"#0","tintindex":0},"south":{"uv":[2.875,3.6875,4.0,4.5],"rotation":0,"texture":"#0","tintindex":0},"north":{"uv":[1.6875,3.6875,2.8125,4.5],"rotation":0,"texture":"#0","tintindex":0},"west":{"uv":[0.0,5.9375,0.75,6.75],"rotation":0,"texture":"#0","tintindex":0},"up":{"uv":[5.1875,4.4375,4.0625,3.6875],"rotation":0,"texture":"#0","tintindex":0},"down":{"uv":[5.25,2.625,4.125,3.375],"rotation":0,"texture":"#0","tintindex":0}}},{"from":[0.68334913,6.203078,1.9189739],"to":[15.311922,12.785935,7.770403],"rotation":{"angle":-22.5,"axis":"x","origin":[7.9976354,11.688792,7.0389743]},"faces":{"east":{"uv":[4.3125,8.125,4.8125,8.6875],"rotation":0,"texture":"#0","tintindex":0},"south":{"uv":[5.1875,0.0,6.4375,0.5625],"rotation":0,"texture":"#0","tintindex":0},"north":{"uv":[5.125,1.9375,6.375,2.5],"rotation":0,"texture":"#0","tintindex":0},"west":{"uv":[6.5625,8.1875,7.0625,8.75],"rotation":0,"texture":"#0","tintindex":0},"up":{"uv":[7.0625,5.9375,5.8125,5.4375],"rotation":0,"texture":"#0","tintindex":0},"down":{"uv":[7.125,4.4375,5.875,4.9375],"rotation":0,"texture":"#0","tintindex":0}}}],"display":{"head":{"translation":[0.0,-6.4,0.0],"scale":[4.0,4.0,4.0]}}}