{"textures":{"0":"modelengine:entity/portal"},"elements":[{"from":[-2.285715,4.7317457,6.285714],"to":[0.5714283,19.58889,9.714286],"rotation":{"angle":0.0,"axis":"y","origin":[8.0,1.8603168,8.0]},"faces":{"east":{"uv":[2.6875,5.0,3.0625,6.625],"rotation":0,"texture":"#0","tintindex":0},"south":{"uv":[0.375,5.4375,0.6875,7.0625],"rotation":0,"texture":"#0","tintindex":0},"north":{"uv":[0.0,5.4375,0.3125,7.0625],"rotation":0,"texture":"#0","tintindex":0},"west":{"uv":[3.125,5.0625,3.5,6.6875],"rotation":0,"texture":"#0","tintindex":0},"up":{"uv":[1.8125,6.8125,1.5,6.4375],"rotation":0,"texture":"#0","tintindex":0},"down":{"uv":[6.75,2.125,6.4375,2.5],"rotation":0,"texture":"#0","tintindex":0}}},{"from":[15.428572,4.7317457,6.285714],"to":[18.285715,19.58889,9.714286],"rotation":{"angle":0.0,"axis":"y","origin":[8.0,1.8603168,8.0]},"faces":{"east":{"uv":[3.5625,5.0625,3.9375,6.6875],"rotation":0,"texture":"#0","tintindex":0},"south":{"uv":[1.125,5.4375,1.4375,7.0625],"rotation":0,"texture":"#0","tintindex":0},"north":{"uv":[0.75,5.4375,1.0625,7.0625],"rotation":0,"texture":"#0","tintindex":0},"west":{"uv":[4.0,5.0625,4.375,6.6875],"rotation":0,"texture":"#0","tintindex":0},"up":{"uv":[6.75,6.4375,6.4375,6.0625],"rotation":0,"texture":"#0","tintindex":0},"down":{"uv":[2.1875,6.5,1.875,6.875],"rotation":0,"texture":"#0","tintindex":0}}},{"from":[-4.000001,-2.696826,3.4285712],"to":[20.0,0.7317457,12.571428],"rotation":{"angle":0.0,"axis":"y","origin":[8.0,1.8603168,8.0]},"faces":{"east":{"uv":[1.5,5.4375,2.5,5.8125],"rotation":0,"texture":"#0","tintindex":0},"south":{"uv":[0.0,5.0,2.625,5.375],"rotation":0,"texture":"#0","tintindex":0},"north":{"uv":[3.375,4.625,6.0,5.0],"rotation":0,"texture":"#0","tintindex":0},"west":{"uv":[4.4375,5.5625,5.4375,5.9375],"rotation":0,"texture":"#0","tintindex":0},"up":{"uv":[5.6875,1.0,3.0625,0.0],"rotation":0,"texture":"#0","tintindex":0},"down":{"uv":[5.6875,1.0625,3.0625,2.0625],"rotation":0,"texture":"#0","tintindex":0}}},{"from":[-5.714287,-2.711111,1.7142854],"to":[21.714287,-0.9968262,14.285715],"rotation":{"angle":0.0,"axis":"y","origin":[8.0,1.8603168,8.0]},"faces":{"east":{"uv":[5.75,1.625,7.125,1.8125],"rotation":0,"texture":"#0","tintindex":0},"south":{"uv":[4.4375,5.3125,7.4375,5.5],"rotation":0,"texture":"#0","tintindex":0},"north":{"uv":[4.4375,5.0625,7.4375,5.25],"rotation":0,"texture":"#0","tintindex":0},"west":{"uv":[5.75,1.875,7.125,2.0625],"rotation":0,"texture":"#0","tintindex":0},"up":{"uv":[3.0,1.375,0.0,0.0],"rotation":0,"texture":"#0","tintindex":0},"down":{"uv":[3.0,1.4375,0.0,2.8125],"rotation":0,"texture":"#0","tintindex":0}}},{"from":[-2.8571434,0.7317457,4.5714283],"to":[1.1428566,4.7317457,11.428572],"rotation":{"angle":0.0,"axis":"y","origin":[8.0,1.8603168,8.0]},"faces":{"east":{"uv":[5.5,5.5625,6.25,6.0],"rotation":0,"texture":"#0","tintindex":0},"south":{"uv":[6.25,0.5,6.6875,0.9375],"rotation":0,"texture":"#0","tintindex":0},"north":{"uv":[6.6875,0.5,6.25,0.9375],"rotation":0,"texture":"#0","tintindex":0},"west":{"uv":[5.625,2.125,6.375,2.5625],"rotation":0,"texture":"#0","tintindex":0},"up":{"uv":[6.1875,0.75,5.75,0.0],"rotation":0,"texture":"#0","tintindex":0},"down":{"uv":[6.1875,0.8125,5.75,1.5625],"rotation":0,"texture":"#0","tintindex":0}}},{"from":[-2.8571434,9.303175,5.714286],"to":[1.1428566,14.446032,10.285714],"rotation":{"angle":0.0,"axis":"y","origin":[8.0,1.8603168,8.0]},"faces":{"east":{"uv":[5.9375,3.1875,6.4375,3.75],"rotation":0,"texture":"#0","tintindex":0},"south":{"uv":[4.4375,6.0,4.875,6.5625],"rotation":0,"texture":"#0","tintindex":0},"north":{"uv":[4.875,6.0,4.4375,6.5625],"rotation":0,"texture":"#0","tintindex":0},"west":{"uv":[5.9375,3.8125,6.4375,4.375],"rotation":0,"texture":"#0","tintindex":0},"up":{"uv":[5.875,6.5625,5.4375,6.0625],"rotation":0,"texture":"#0","tintindex":0},"down":{"uv":[6.375,6.0625,5.9375,6.5625],"rotation":0,"texture":"#0","tintindex":0}}},{"from":[14.857143,9.303175,5.714286],"to":[18.857143,14.446032,10.285714],"rotation":{"angle":0.0,"axis":"y","origin":[8.0,1.8603168,8.0]},"faces":{"east":{"uv":[6.4375,3.8125,5.9375,4.375],"rotation":0,"texture":"#0","tintindex":0},"south":{"uv":[4.875,6.0,4.4375,6.5625],"rotation":0,"texture":"#0","tintindex":0},"north":{"uv":[4.4375,6.0,4.875,6.5625],"rotation":0,"texture":"#0","tintindex":0},"west":{"uv":[6.4375,3.1875,5.9375,3.75],"rotation":0,"texture":"#0","tintindex":0},"up":{"uv":[5.4375,6.5625,5.875,6.0625],"rotation":0,"texture":"#0","tintindex":0},"down":{"uv":[5.9375,6.0625,6.375,6.5625],"rotation":0,"texture":"#0","tintindex":0}}},{"from":[14.857143,0.7317457,4.5714283],"to":[18.857143,4.7317457,11.428572],"rotation":{"angle":0.0,"axis":"y","origin":[8.0,1.8603168,8.0]},"faces":{"east":{"uv":[6.375,2.125,5.625,2.5625],"rotation":0,"texture":"#0","tintindex":0},"south":{"uv":[6.6875,0.5,6.25,0.9375],"rotation":0,"texture":"#0","tintindex":0},"north":{"uv":[6.25,0.5,6.6875,0.9375],"rotation":0,"texture":"#0","tintindex":0},"west":{"uv":[6.25,5.5625,5.5,6.0],"rotation":0,"texture":"#0","tintindex":0},"up":{"uv":[5.75,0.75,6.1875,0.0],"rotation":0,"texture":"#0","tintindex":0},"down":{"uv":[5.75,0.8125,6.1875,1.5625],"rotation":0,"texture":"#0","tintindex":0}}},{"from":[-3.4285717,19.01746,5.142857],"to":[19.428572,23.58889,10.857143],"rotation":{"angle":0.0,"axis":"y","origin":[8.0,1.8603168,8.0]},"faces":{"east":{"uv":[1.5,5.875,2.125,6.375],"rotation":0,"texture":"#0","tintindex":0},"south":{"uv":[3.375,4.0625,5.875,4.5625],"rotation":0,"texture":"#0","tintindex":0},"north":{"uv":[3.375,3.5,5.875,4.0],"rotation":0,"texture":"#0","tintindex":0},"west":{"uv":[5.9375,2.625,6.5625,3.125],"rotation":0,"texture":"#0","tintindex":0},"up":{"uv":[5.5625,2.75,3.0625,2.125],"rotation":0,"texture":"#0","tintindex":0},"down":{"uv":[5.875,2.8125,3.375,3.4375],"rotation":0,"texture":"#0","tintindex":0}}}],"display":{"head":{"translation":[0.0,-6.4,0.0],"scale":[4.0,4.0,4.0]}}}