{"textures":{"0":"modelengine:entity/portal","1":"modelengine:entity/portal_a"},"elements":[{"from":[-1.4285717,1.1111107,8.0],"to":[17.428572,19.968254,8.0],"rotation":{"angle":0.0,"axis":"y","origin":[7.714286,10.525397,8.0]},"faces":{"east":{"uv":[2.25,6.5,2.25,8.5625],"rotation":0,"texture":"#1","tintindex":0},"south":{"uv":[6.75,6.75,9.25,9.25],"rotation":0,"texture":"#1","tintindex":0},"north":{"uv":[9.25,6.75,6.75,9.25],"rotation":0,"texture":"#1","tintindex":0},"west":{"uv":[2.3125,6.5,2.3125,8.5625],"rotation":0,"texture":"#1","tintindex":0},"up":{"uv":[7.875,1.5,6.25,1.5],"rotation":0,"texture":"#1","tintindex":0},"down":{"uv":[7.875,1.5625,6.25,1.5625],"rotation":0,"texture":"#1","tintindex":0}}},{"from":[-2.8571434,9.68254,10.3],"to":[1.1428566,14.8253975,10.3],"rotation":{"angle":0.0,"axis":"y","origin":[8.0,2.2396822,8.0]},"faces":{"east":{"uv":[2.375,6.5,2.375,7.0625],"rotation":0,"texture":"#0","tintindex":0},"south":{"uv":[6.0625,4.4375,6.5,5.0],"rotation":0,"texture":"#0","tintindex":0},"north":{"uv":[6.5,4.4375,6.0625,5.0],"rotation":0,"texture":"#0","tintindex":0},"west":{"uv":[2.4375,6.5,2.4375,7.0625],"rotation":0,"texture":"#0","tintindex":0},"up":{"uv":[6.875,2.5625,6.4375,2.5625],"rotation":0,"texture":"#0","tintindex":0},"down":{"uv":[6.9375,3.1875,6.5,3.1875],"rotation":0,"texture":"#0","tintindex":0}}},{"from":[-2.8571434,1.1111107,11.442858],"to":[1.1428566,5.111111,11.442858],"rotation":{"angle":0.0,"axis":"y","origin":[8.0,2.2396822,8.0]},"faces":{"east":{"uv":[2.5,6.5,2.5,6.9375],"rotation":0,"texture":"#0","tintindex":0},"south":{"uv":[6.3125,5.5625,6.75,6.0],"rotation":0,"texture":"#0","tintindex":0},"north":{"uv":[6.75,5.5625,6.3125,6.0],"rotation":0,"texture":"#0","tintindex":0},"west":{"uv":[2.5625,6.5,2.5625,6.9375],"rotation":0,"texture":"#0","tintindex":0},"up":{"uv":[6.9375,3.25,6.5,3.25],"rotation":0,"texture":"#0","tintindex":0},"down":{"uv":[6.9375,3.3125,6.5,3.3125],"rotation":0,"texture":"#0","tintindex":0}}},{"from":[14.857143,1.1111107,11.442858],"to":[18.857143,5.111111,11.442858],"rotation":{"angle":0.0,"axis":"y","origin":[8.0,2.2396822,8.0]},"faces":{"east":{"uv":[2.5625,6.5,2.5625,6.9375],"rotation":0,"texture":"#0","tintindex":0},"south":{"uv":[6.75,5.5625,6.3125,6.0],"rotation":0,"texture":"#0","tintindex":0},"north":{"uv":[6.3125,5.5625,6.75,6.0],"rotation":0,"texture":"#0","tintindex":0},"west":{"uv":[2.5,6.5,2.5,6.9375],"rotation":0,"texture":"#0","tintindex":0},"up":{"uv":[6.5,3.25,6.9375,3.25],"rotation":0,"texture":"#0","tintindex":0},"down":{"uv":[6.5,3.3125,6.9375,3.3125],"rotation":0,"texture":"#0","tintindex":0}}},{"from":[14.857143,9.68254,10.3],"to":[18.857143,14.8253975,10.3],"rotation":{"angle":0.0,"axis":"y","origin":[8.0,2.2396822,8.0]},"faces":{"east":{"uv":[2.4375,6.5,2.4375,7.0625],"rotation":0,"texture":"#0","tintindex":0},"south":{"uv":[6.5,4.4375,6.0625,5.0],"rotation":0,"texture":"#0","tintindex":0},"north":{"uv":[6.0625,4.4375,6.5,5.0],"rotation":0,"texture":"#0","tintindex":0},"west":{"uv":[2.375,6.5,2.375,7.0625],"rotation":0,"texture":"#0","tintindex":0},"up":{"uv":[6.4375,2.5625,6.875,2.5625],"rotation":0,"texture":"#0","tintindex":0},"down":{"uv":[6.5,3.1875,6.9375,3.1875],"rotation":0,"texture":"#0","tintindex":0}}},{"from":[-2.8571434,9.68254,5.7],"to":[1.1428566,14.8253975,5.7],"rotation":{"angle":0.0,"axis":"y","origin":[8.0,2.2396822,8.0]},"faces":{"east":{"uv":[2.375,6.5,2.375,7.0625],"rotation":0,"texture":"#0","tintindex":0},"south":{"uv":[6.0625,4.4375,6.5,5.0],"rotation":0,"texture":"#0","tintindex":0},"north":{"uv":[6.5,4.4375,6.0625,5.0],"rotation":0,"texture":"#0","tintindex":0},"west":{"uv":[2.4375,6.5,2.4375,7.0625],"rotation":0,"texture":"#0","tintindex":0},"up":{"uv":[6.875,2.5625,6.4375,2.5625],"rotation":0,"texture":"#0","tintindex":0},"down":{"uv":[6.9375,3.1875,6.5,3.1875],"rotation":0,"texture":"#0","tintindex":0}}},{"from":[-2.8571434,1.1111107,4.5571427],"to":[1.1428566,5.111111,4.5571427],"rotation":{"angle":0.0,"axis":"y","origin":[8.0,2.2396822,8.0]},"faces":{"east":{"uv":[2.5,6.5,2.5,6.9375],"rotation":0,"texture":"#0","tintindex":0},"south":{"uv":[6.3125,5.5625,6.75,6.0],"rotation":0,"texture":"#0","tintindex":0},"north":{"uv":[6.75,5.5625,6.3125,6.0],"rotation":0,"texture":"#0","tintindex":0},"west":{"uv":[2.5625,6.5,2.5625,6.9375],"rotation":0,"texture":"#0","tintindex":0},"up":{"uv":[6.9375,3.25,6.5,3.25],"rotation":0,"texture":"#0","tintindex":0},"down":{"uv":[6.9375,3.3125,6.5,3.3125],"rotation":0,"texture":"#0","tintindex":0}}},{"from":[14.857143,1.1111107,4.5571427],"to":[18.857143,5.111111,4.5571427],"rotation":{"angle":0.0,"axis":"y","origin":[8.0,2.2396822,8.0]},"faces":{"east":{"uv":[2.5625,6.5,2.5625,6.9375],"rotation":0,"texture":"#0","tintindex":0},"south":{"uv":[6.75,5.5625,6.3125,6.0],"rotation":0,"texture":"#0","tintindex":0},"north":{"uv":[6.3125,5.5625,6.75,6.0],"rotation":0,"texture":"#0","tintindex":0},"west":{"uv":[2.5,6.5,2.5,6.9375],"rotation":0,"texture":"#0","tintindex":0},"up":{"uv":[6.5,3.25,6.9375,3.25],"rotation":0,"texture":"#0","tintindex":0},"down":{"uv":[6.5,3.3125,6.9375,3.3125],"rotation":0,"texture":"#0","tintindex":0}}},{"from":[14.857143,9.68254,5.7],"to":[18.857143,14.8253975,5.7],"rotation":{"angle":0.0,"axis":"y","origin":[8.0,2.2396822,8.0]},"faces":{"east":{"uv":[2.4375,6.5,2.4375,7.0625],"rotation":0,"texture":"#0","tintindex":0},"south":{"uv":[6.5,4.4375,6.0625,5.0],"rotation":0,"texture":"#0","tintindex":0},"north":{"uv":[6.0625,4.4375,6.5,5.0],"rotation":0,"texture":"#0","tintindex":0},"west":{"uv":[2.375,6.5,2.375,7.0625],"rotation":0,"texture":"#0","tintindex":0},"up":{"uv":[6.4375,2.5625,6.875,2.5625],"rotation":0,"texture":"#0","tintindex":0},"down":{"uv":[6.5,3.1875,6.9375,3.1875],"rotation":0,"texture":"#0","tintindex":0}}}],"display":{"head":{"translation":[0.0,-6.4,0.0],"scale":[4.0,4.0,4.0]}}}