{"textures":{"0":"modelengine:entity/ghoul_texture"},"elements":[{"from":[5.428571,8.05361,5.02309],"to":[10.571428,12.625038,10.165947],"rotation":{"angle":-22.5,"axis":"x","origin":[5.428571,3.2963085,11.208393]},"faces":{"east":{"uv":[6.125,6.375,7.25,7.375],"rotation":0,"texture":"#0","tintindex":0},"south":{"uv":[6.5,0.0,7.625,1.0],"rotation":0,"texture":"#0","tintindex":0},"north":{"uv":[6.125,5.25,7.25,6.25],"rotation":0,"texture":"#0","tintindex":0},"west":{"uv":[0.0,6.875,1.125,7.875],"rotation":0,"texture":"#0","tintindex":0},"up":{"uv":[6.375,1.125,5.25,0.0],"rotation":0,"texture":"#0","tintindex":0},"down":{"uv":[1.125,5.625,0.0,6.75],"rotation":0,"texture":"#0","tintindex":0}}},{"from":[5.428571,6.9107523,5.0516615],"to":[10.571428,8.05361,5.0516615],"rotation":{"angle":-22.5,"axis":"x","origin":[5.428571,3.2963085,11.208393]},"faces":{"east":{"uv":[7.625,9.75,7.625,10.0],"rotation":0,"texture":"#0","tintindex":0},"south":{"uv":[10.125,5.0,9.0,5.25],"rotation":0,"texture":"#0","tintindex":0},"north":{"uv":[9.0,5.0,10.125,5.25],"rotation":0,"texture":"#0","tintindex":0},"west":{"uv":[2.25,9.875,2.25,10.125],"rotation":0,"texture":"#0","tintindex":0},"up":{"uv":[11.0,4.125,9.875,4.125],"rotation":0,"texture":"#0","tintindex":0},"down":{"uv":[11.0,4.25,9.875,4.25],"rotation":0,"texture":"#0","tintindex":0}}},{"from":[5.457143,6.9107523,5.02309],"to":[5.457143,8.05361,9.02309],"rotation":{"angle":-22.5,"axis":"x","origin":[5.428571,3.2963085,11.208393]},"faces":{"east":{"uv":[9.875,6.5,9.0,6.75],"rotation":0,"texture":"#0","tintindex":0},"south":{"uv":[2.5,9.875,2.5,10.125],"rotation":0,"texture":"#0","tintindex":0},"north":{"uv":[2.375,9.875,2.375,10.125],"rotation":0,"texture":"#0","tintindex":0},"west":{"uv":[9.0,6.5,9.875,6.75],"rotation":0,"texture":"#0","tintindex":0},"up":{"uv":[2.625,10.75,2.625,9.875],"rotation":0,"texture":"#0","tintindex":0},"down":{"uv":[2.75,9.875,2.75,10.75],"rotation":0,"texture":"#0","tintindex":0}}},{"from":[3.142857,6.2940135,6.0556455],"to":[5.428571,9.722586,6.0556455],"rotation":{"angle":-22.5,"axis":"x","origin":[4.285714,8.579728,5.4842167]},"faces":{"east":{"uv":[5.625,9.875,5.625,10.625],"rotation":0,"texture":"#0","tintindex":0},"south":{"uv":[8.75,8.125,9.25,8.875],"rotation":0,"texture":"#0","tintindex":0},"north":{"uv":[8.0,8.75,8.5,9.5],"rotation":0,"texture":"#0","tintindex":0},"west":{"uv":[5.75,9.875,5.75,10.625],"rotation":0,"texture":"#0","tintindex":0},"up":{"uv":[6.375,9.875,5.875,9.875],"rotation":0,"texture":"#0","tintindex":0},"down":{"uv":[9.125,9.875,8.625,9.875],"rotation":0,"texture":"#0","tintindex":0}}},{"from":[10.571428,6.2940135,6.0556455],"to":[12.857143,9.722586,6.0556455],"rotation":{"angle":-22.5,"axis":"x","origin":[11.714286,8.579728,5.4842167]},"faces":{"east":{"uv":[6.5,9.875,6.5,10.625],"rotation":0,"texture":"#0","tintindex":0},"south":{"uv":[5.375,8.875,5.875,9.625],"rotation":0,"texture":"#0","tintindex":0},"north":{"uv":[4.75,8.875,5.25,9.625],"rotation":0,"texture":"#0","tintindex":0},"west":{"uv":[9.25,9.875,9.25,10.625],"rotation":0,"texture":"#0","tintindex":0},"up":{"uv":[10.375,8.75,9.875,8.75],"rotation":0,"texture":"#0","tintindex":0},"down":{"uv":[10.375,8.875,9.875,8.875],"rotation":0,"texture":"#0","tintindex":0}}},{"from":[5.714286,8.339324,5.3088045],"to":[10.285714,12.339324,9.880233],"rotation":{"angle":-22.5,"axis":"x","origin":[5.714286,3.2963085,11.208393]},"faces":{"east":{"uv":[7.375,4.875,8.375,5.75],"rotation":0,"texture":"#0","tintindex":0},"south":{"uv":[7.375,5.875,8.375,6.75],"rotation":0,"texture":"#0","tintindex":0},"north":{"uv":[7.25,2.5,8.25,3.375],"rotation":0,"texture":"#0","tintindex":0},"west":{"uv":[7.375,6.875,8.375,7.75],"rotation":0,"texture":"#0","tintindex":0},"up":{"uv":[4.5,7.875,3.5,6.875],"rotation":0,"texture":"#0","tintindex":0},"down":{"uv":[5.625,6.875,4.625,7.875],"rotation":0,"texture":"#0","tintindex":0}}},{"from":[10.542857,6.9107523,5.02309],"to":[10.542857,8.05361,9.02309],"rotation":{"angle":-22.5,"axis":"x","origin":[10.571428,3.2963085,11.208393]},"faces":{"east":{"uv":[9.875,6.5,9.0,6.75],"rotation":0,"texture":"#0","tintindex":0},"south":{"uv":[2.5,9.875,2.5,10.125],"rotation":0,"texture":"#0","tintindex":0},"north":{"uv":[2.375,9.875,2.375,10.125],"rotation":0,"texture":"#0","tintindex":0},"west":{"uv":[9.0,6.5,9.875,6.75],"rotation":0,"texture":"#0","tintindex":0},"up":{"uv":[2.625,10.75,2.625,9.875],"rotation":0,"texture":"#0","tintindex":0},"down":{"uv":[2.75,9.875,2.75,10.75],"rotation":0,"texture":"#0","tintindex":0}}}],"display":{"head":{"translation":[0.0,-6.4,0.0],"scale":[4.0,4.0,4.0]}}}