{"textures":{"0":"modelengine:entity/ghoul_texture"},"elements":[{"from":[8.269297,5.507201,6.8714285],"to":[9.412154,7.792916,7.4428573],"rotation":{"angle":22.5,"axis":"z","origin":[7.612154,5.6500583,8.0]},"faces":{"east":{"uv":[2.375,6.875,2.25,7.375],"rotation":0,"texture":"#0","tintindex":0},"south":{"uv":[4.625,9.25,4.375,9.75],"rotation":0,"texture":"#0","tintindex":0},"north":{"uv":[6.0,6.875,5.75,7.375],"rotation":0,"texture":"#0","tintindex":0},"west":{"uv":[4.5,5.0,4.375,5.5],"rotation":0,"texture":"#0","tintindex":0},"up":{"uv":[5.75,5.375,6.0,5.25],"rotation":0,"texture":"#0","tintindex":0},"down":{"uv":[7.0,4.875,7.25,5.0],"rotation":0,"texture":"#0","tintindex":0}}},{"from":[8.269297,5.507201,7.714286],"to":[9.412154,7.792916,8.285714],"rotation":{"angle":22.5,"axis":"z","origin":[7.612154,5.6500583,8.0]},"faces":{"east":{"uv":[2.375,6.875,2.25,7.375],"rotation":0,"texture":"#0","tintindex":0},"south":{"uv":[4.625,9.25,4.375,9.75],"rotation":0,"texture":"#0","tintindex":0},"north":{"uv":[6.0,6.875,5.75,7.375],"rotation":0,"texture":"#0","tintindex":0},"west":{"uv":[4.5,5.0,4.375,5.5],"rotation":0,"texture":"#0","tintindex":0},"up":{"uv":[5.75,5.375,6.0,5.25],"rotation":0,"texture":"#0","tintindex":0},"down":{"uv":[7.0,4.875,7.25,5.0],"rotation":0,"texture":"#0","tintindex":0}}},{"from":[8.269297,5.507201,8.557143],"to":[9.412154,7.792916,9.1285715],"rotation":{"angle":22.5,"axis":"z","origin":[7.612154,5.6500583,8.0]},"faces":{"east":{"uv":[2.375,6.875,2.25,7.375],"rotation":0,"texture":"#0","tintindex":0},"south":{"uv":[4.625,9.25,4.375,9.75],"rotation":0,"texture":"#0","tintindex":0},"north":{"uv":[6.0,6.875,5.75,7.375],"rotation":0,"texture":"#0","tintindex":0},"west":{"uv":[4.5,5.0,4.375,5.5],"rotation":0,"texture":"#0","tintindex":0},"up":{"uv":[5.75,5.375,6.0,5.25],"rotation":0,"texture":"#0","tintindex":0},"down":{"uv":[7.0,4.875,7.25,5.0],"rotation":0,"texture":"#0","tintindex":0}}},{"from":[7.1264396,4.364344,7.1571426],"to":[9.412154,5.507201,7.1571426],"rotation":{"angle":22.5,"axis":"z","origin":[7.612154,5.6500583,8.285714]},"faces":{"east":{"uv":[1.875,3.125,1.875,3.375],"rotation":0,"texture":"#0","tintindex":0},"south":{"uv":[9.375,9.375,9.875,9.625],"rotation":0,"texture":"#0","tintindex":0},"north":{"uv":[9.875,9.375,9.375,9.625],"rotation":0,"texture":"#0","tintindex":0},"west":{"uv":[1.875,2.75,1.875,3.0],"rotation":0,"texture":"#0","tintindex":0},"up":{"uv":[6.0,3.875,6.5,3.875],"rotation":0,"texture":"#0","tintindex":0},"down":{"uv":[6.5,1.125,7.0,1.125],"rotation":0,"texture":"#0","tintindex":0}}},{"from":[7.1264396,4.364344,8.0],"to":[9.412154,5.507201,8.0],"rotation":{"angle":22.5,"axis":"z","origin":[7.612154,5.6500583,8.285714]},"faces":{"east":{"uv":[1.875,3.125,1.875,3.375],"rotation":0,"texture":"#0","tintindex":0},"south":{"uv":[9.375,9.375,9.875,9.625],"rotation":0,"texture":"#0","tintindex":0},"north":{"uv":[9.875,9.375,9.375,9.625],"rotation":0,"texture":"#0","tintindex":0},"west":{"uv":[1.875,2.75,1.875,3.0],"rotation":0,"texture":"#0","tintindex":0},"up":{"uv":[6.0,3.875,6.5,3.875],"rotation":0,"texture":"#0","tintindex":0},"down":{"uv":[6.5,1.125,7.0,1.125],"rotation":0,"texture":"#0","tintindex":0}}},{"from":[7.1264396,4.364344,8.842857],"to":[9.412154,5.507201,8.842857],"rotation":{"angle":22.5,"axis":"z","origin":[7.612154,5.6500583,8.285714]},"faces":{"east":{"uv":[1.875,3.125,1.875,3.375],"rotation":0,"texture":"#0","tintindex":0},"south":{"uv":[9.375,9.375,9.875,9.625],"rotation":0,"texture":"#0","tintindex":0},"north":{"uv":[9.875,9.375,9.375,9.625],"rotation":0,"texture":"#0","tintindex":0},"west":{"uv":[1.875,2.75,1.875,3.0],"rotation":0,"texture":"#0","tintindex":0},"up":{"uv":[6.0,3.875,6.5,3.875],"rotation":0,"texture":"#0","tintindex":0},"down":{"uv":[6.5,1.125,7.0,1.125],"rotation":0,"texture":"#0","tintindex":0}}}],"display":{"head":{"translation":[0.0,-6.4,0.0],"scale":[4.0,4.0,4.0]}}}